broadcast_name;driver_number;full_name;meeting_key;name_acronym;session_key;team_name
M VERSTAPPEN;1;Max VERSTAPPEN;1253;VER;9683;Red Bull Racing
L NORRIS;4;Lando NORRIS;1253;NOR;9683;McLaren
G BORTOLETO;5;Gabriel BORTOLETO;1253;BOR;9683;Kick Sauber
I HADJAR;6;Isack HADJAR;1253;HAD;9683;Racing Bulls
J DOOHAN;7;Jack DOOHAN;1253;DOO;9683;Alpine
P GASLY;10;Pierre GASLY;1253;GAS;9683;Alpine
A ANTONELLI;12;Andrea Kimi ANTONELLI;1253;ANT;9683;Mercedes
F ALONSO;14;Fernando ALONSO;1253;ALO;9683;Aston Martin
C LECLERC;16;Charles LECLERC;1253;LEC;9683;Ferrari
L STROLL;18;Lance STROLL;1253;STR;9683;Aston Martin
Y TSUNODA;22;Yuki TSUNODA;1253;TSU;9683;Racing Bulls
A ALBON;23;Alexander ALBON;1253;ALB;9683;Williams
N HULKENBERG;27;Nico HULKENBERG;1253;HUL;9683;Kick Sauber
L LAWSON;30;Liam LAWSON;1253;LAW;9683;Red Bull Racing
E OCON;31;Esteban OCON;1253;OCO;9683;Haas F1 Team
L HAMILTON;44;Lewis HAMILTON;1253;HAM;9683;Ferrari
C SAINZ;55;Carlos SAINZ;1253;SAI;9683;Williams
G RUSSELL;63;George RUSSELL;1253;RUS;9683;Mercedes
O PIASTRI;81;Oscar PIASTRI;1253;PIA;9683;McLaren
O BEARMAN;87;Oliver BEARMAN;1253;BEA;9683;Haas F1 Team
L NORRIS;4;Lando NORRIS;1253;NOR;9684;McLaren
G BORTOLETO;5;Gabriel BORTOLETO;1253;BOR;9684;Kick Sauber
I HADJAR;6;Isack HADJAR;1253;HAD;9684;Racing Bulls
J DOOHAN;7;Jack DOOHAN;1253;DOO;9684;Alpine
P GASLY;10;Pierre GASLY;1253;GAS;9684;Alpine
A ANTONELLI;12;Andrea Kimi ANTONELLI;1253;ANT;9684;Mercedes
F ALONSO;14;Fernando ALONSO;1253;ALO;9684;Aston Martin
C LECLERC;16;Charles LECLERC;1253;LEC;9684;Ferrari
L STROLL;18;Lance STROLL;1253;STR;9684;Aston Martin
Y TSUNODA;22;Yuki TSUNODA;1253;TSU;9684;Racing Bulls
N HULKENBERG;27;Nico HULKENBERG;1253;HUL;9684;Kick Sauber
L LAWSON;30;Liam LAWSON;1253;LAW;9684;Red Bull Racing
E OCON;31;Esteban OCON;1253;OCO;9684;Haas F1 Team
L HAMILTON;44;Lewis HAMILTON;1253;HAM;9684;Ferrari
C SAINZ;55;Carlos SAINZ;1253;SAI;9684;Williams
G RUSSELL;63;George RUSSELL;1253;RUS;9684;Mercedes
O PIASTRI;81;Oscar PIASTRI;1253;PIA;9684;McLaren
O BEARMAN;87;Oliver BEARMAN;1253;BEA;9684;Haas F1 Team
M VERSTAPPEN;1;Max VERSTAPPEN;1253;VER;9685;Red Bull Racing
L NORRIS;4;Lando NORRIS;1253;NOR;9685;McLaren
G BORTOLETO;5;Gabriel BORTOLETO;1253;BOR;9685;Kick Sauber
I HADJAR;6;Isack HADJAR;1253;HAD;9685;Racing Bulls
J DOOHAN;7;Jack DOOHAN;1253;DOO;9685;Alpine
P GASLY;10;Pierre GASLY;1253;GAS;9685;Alpine
A ANTONELLI;12;Andrea Kimi ANTONELLI;1253;ANT;9685;Mercedes
F ALONSO;14;Fernando ALONSO;1253;ALO;9685;Aston Martin
C LECLERC;16;Charles LECLERC;1253;LEC;9685;Ferrari
L STROLL;18;Lance STROLL;1253;STR;9685;Aston Martin
Y TSUNODA;22;Yuki TSUNODA;1253;TSU;9685;Racing Bulls
A ALBON;23;Alexander ALBON;1253;ALB;9685;Williams
N HULKENBERG;27;Nico HULKENBERG;1253;HUL;9685;Kick Sauber
E OCON;31;Esteban OCON;1253;OCO;9685;Haas F1 Team
L HAMILTON;44;Lewis HAMILTON;1253;HAM;9685;Ferrari
G RUSSELL;63;George RUSSELL;1253;RUS;9685;Mercedes
O PIASTRI;81;Oscar PIASTRI;1253;PIA;9685;McLaren
O BEARMAN;87;Oliver BEARMAN;1253;BEA;9685;Haas F1 Team
M VERSTAPPEN;1;Max VERSTAPPEN;1254;VER;9686;Red Bull Racing
L NORRIS;4;Lando NORRIS;1254;NOR;9686;McLaren
G BORTOLETO;5;Gabriel BORTOLETO;1254;BOR;9686;Kick Sauber
I HADJAR;6;Isack HADJAR;1254;HAD;9686;Racing Bulls
J DOOHAN;7;Jack DOOHAN;1254;DOO;9686;Alpine
P GASLY;10;Pierre GASLY;1254;GAS;9686;Alpine
A ANTONELLI;12;Andrea Kimi ANTONELLI;1254;ANT;9686;Mercedes
F ALONSO;14;Fernando ALONSO;1254;ALO;9686;Aston Martin
C LECLERC;16;Charles LECLERC;1254;LEC;9686;Ferrari
L STROLL;18;Lance STROLL;1254;STR;9686;Aston Martin
Y TSUNODA;22;Yuki TSUNODA;1254;TSU;9686;Racing Bulls
A ALBON;23;Alexander ALBON;1254;ALB;9686;Williams
N HULKENBERG;27;Nico HULKENBERG;1254;HUL;9686;Kick Sauber
L LAWSON;30;Liam LAWSON;1254;LAW;9686;Red Bull Racing
E OCON;31;Esteban OCON;1254;OCO;9686;Haas F1 Team
L HAMILTON;44;Lewis HAMILTON;1254;HAM;9686;Ferrari
C SAINZ;55;Carlos SAINZ;1254;SAI;9686;Williams
G RUSSELL;63;George RUSSELL;1254;RUS;9686;Mercedes
O PIASTRI;81;Oscar PIASTRI;1254;PIA;9686;McLaren
O BEARMAN;87;Oliver BEARMAN;1254;BEA;9686;Haas F1 Team
M VERSTAPPEN;1;Max VERSTAPPEN;1254;VER;9687;Red Bull Racing
L NORRIS;4;Lando NORRIS;1254;NOR;9687;McLaren
G BORTOLETO;5;Gabriel BORTOLETO;1254;BOR;9687;Kick Sauber
I HADJAR;6;Isack HADJAR;1254;HAD;9687;Racing Bulls
J DOOHAN;7;Jack DOOHAN;1254;DOO;9687;Alpine
P GASLY;10;Pierre GASLY;1254;GAS;9687;Alpine
A ANTONELLI;12;Andrea Kimi ANTONELLI;1254;ANT;9687;Mercedes
F ALONSO;14;Fernando ALONSO;1254;ALO;9687;Aston Martin
C LECLERC;16;Charles LECLERC;1254;LEC;9687;Ferrari
L STROLL;18;Lance STROLL;1254;STR;9687;Aston Martin
Y TSUNODA;22;Yuki TSUNODA;1254;TSU;9687;Racing Bulls
A ALBON;23;Alexander ALBON;1254;ALB;9687;Williams
N HULKENBERG;27;Nico HULKENBERG;1254;HUL;9687;Kick Sauber
L LAWSON;30;Liam LAWSON;1254;LAW;9687;Red Bull Racing
E OCON;31;Esteban OCON;1254;OCO;9687;Haas F1 Team
L HAMILTON;44;Lewis HAMILTON;1254;HAM;9687;Ferrari
C SAINZ;55;Carlos SAINZ;1254;SAI;9687;Williams
G RUSSELL;63;George RUSSELL;1254;RUS;9687;Mercedes
O PIASTRI;81;Oscar PIASTRI;1254;PIA;9687;McLaren
O BEARMAN;87;Oliver BEARMAN;1254;BEA;9687;Haas F1 Team
M VERSTAPPEN;1;Max VERSTAPPEN;1254;VER;9688;Red Bull Racing
L NORRIS;4;Lando NORRIS;1254;NOR;9688;McLaren
G BORTOLETO;5;Gabriel BORTOLETO;1254;BOR;9688;Kick Sauber
I HADJAR;6;Isack HADJAR;1254;HAD;9688;Racing Bulls
J DOOHAN;7;Jack DOOHAN;1254;DOO;9688;Alpine
P GASLY;10;Pierre GASLY;1254;GAS;9688;Alpine
A ANTONELLI;12;Andrea Kimi ANTONELLI;1254;ANT;9688;Mercedes
F ALONSO;14;Fernando ALONSO;1254;ALO;9688;Aston Martin
C LECLERC;16;Charles LECLERC;1254;LEC;9688;Ferrari
L STROLL;18;Lance STROLL;1254;STR;9688;Aston Martin
Y TSUNODA;22;Yuki TSUNODA;1254;TSU;9688;Racing Bulls
A ALBON;23;Alexander ALBON;1254;ALB;9688;Williams
N HULKENBERG;27;Nico HULKENBERG;1254;HUL;9688;Kick Sauber
L LAWSON;30;Liam LAWSON;1254;LAW;9688;Red Bull Racing
E OCON;31;Esteban OCON;1254;OCO;9688;Haas F1 Team
L HAMILTON;44;Lewis HAMILTON;1254;HAM;9688;Ferrari
C SAINZ;55;Carlos SAINZ;1254;SAI;9688;Williams
G RUSSELL;63;George RUSSELL;1254;RUS;9688;Mercedes
O PIASTRI;81;Oscar PIASTRI;1254;PIA;9688;McLaren
O BEARMAN;87;Oliver BEARMAN;1254;BEA;9688;Haas F1 Team
M VERSTAPPEN;1;Max VERSTAPPEN;1254;VER;9689;Red Bull Racing
L NORRIS;4;Lando NORRIS;1254;NOR;9689;McLaren
G BORTOLETO;5;Gabriel BORTOLETO;1254;BOR;9689;Kick Sauber
I HADJAR;6;Isack HADJAR;1254;HAD;9689;Racing Bulls
J DOOHAN;7;Jack DOOHAN;1254;DOO;9689;Alpine
P GASLY;10;Pierre GASLY;1254;GAS;9689;Alpine
A ANTONELLI;12;Andrea Kimi ANTONELLI;1254;ANT;9689;Mercedes
F ALONSO;14;Fernando ALONSO;1254;ALO;9689;Aston Martin
C LECLERC;16;Charles LECLERC;1254;LEC;9689;Ferrari
L STROLL;18;Lance STROLL;1254;STR;9689;Aston Martin
Y TSUNODA;22;Yuki TSUNODA;1254;TSU;9689;Racing Bulls
A ALBON;23;Alexander ALBON;1254;ALB;9689;Williams
N HULKENBERG;27;Nico HULKENBERG;1254;HUL;9689;Kick Sauber
L LAWSON;30;Liam LAWSON;1254;LAW;9689;Red Bull Racing
E OCON;31;Esteban OCON;1254;OCO;9689;Haas F1 Team
L HAMILTON;44;Lewis HAMILTON;1254;HAM;9689;Ferrari
C SAINZ;55;Carlos SAINZ;1254;SAI;9689;Williams
G RUSSELL;63;George RUSSELL;1254;RUS;9689;Mercedes
O PIASTRI;81;Oscar PIASTRI;1254;PIA;9689;McLaren
O BEARMAN;87;Oliver BEARMAN;1254;BEA;9689;Haas F1 Team
M VERSTAPPEN;1;Max VERSTAPPEN;1254;VER;9693;Red Bull Racing
L NORRIS;4;Lando NORRIS;1254;NOR;9693;McLaren
G BORTOLETO;5;Gabriel BORTOLETO;1254;BOR;9693;Kick Sauber
I HADJAR;6;Isack HADJAR;1254;HAD;9693;Racing Bulls
J DOOHAN;7;Jack DOOHAN;1254;DOO;9693;Alpine
P GASLY;10;Pierre GASLY;1254;GAS;9693;Alpine
A ANTONELLI;12;Andrea Kimi ANTONELLI;1254;ANT;9693;Mercedes
F ALONSO;14;Fernando ALONSO;1254;ALO;9693;Aston Martin
C LECLERC;16;Charles LECLERC;1254;LEC;9693;Ferrari
L STROLL;18;Lance STROLL;1254;STR;9693;Aston Martin
Y TSUNODA;22;Yuki TSUNODA;1254;TSU;9693;Racing Bulls
A ALBON;23;Alexander ALBON;1254;ALB;9693;Williams
N HULKENBERG;27;Nico HULKENBERG;1254;HUL;9693;Kick Sauber
L LAWSON;30;Liam LAWSON;1254;LAW;9693;Red Bull Racing
E OCON;31;Esteban OCON;1254;OCO;9693;Haas F1 Team
L HAMILTON;44;Lewis HAMILTON;1254;HAM;9693;Ferrari
C SAINZ;55;Carlos SAINZ;1254;SAI;9693;Williams
G RUSSELL;63;George RUSSELL;1254;RUS;9693;Mercedes
O PIASTRI;81;Oscar PIASTRI;1254;PIA;9693;McLaren
O BEARMAN;87;Oliver BEARMAN;1254;BEA;9693;Haas F1 Team
M VERSTAPPEN;1;Max VERSTAPPEN;1255;VER;9988;Red Bull Racing
L NORRIS;4;Lando NORRIS;1255;NOR;9988;McLaren
G BORTOLETO;5;Gabriel BORTOLETO;1255;BOR;9988;Kick Sauber
I HADJAR;6;Isack HADJAR;1255;HAD;9988;Racing Bulls
J DOOHAN;7;Jack DOOHAN;1255;DOO;9988;Alpine
P GASLY;10;Pierre GASLY;1255;GAS;9988;Alpine
A ANTONELLI;12;Andrea Kimi ANTONELLI;1255;ANT;9988;Mercedes
F ALONSO;14;Fernando ALONSO;1255;ALO;9988;Aston Martin
C LECLERC;16;Charles LECLERC;1255;LEC;9988;Ferrari
L STROLL;18;Lance STROLL;1255;STR;9988;Aston Martin
Y TSUNODA;22;Yuki TSUNODA;1255;TSU;9988;Racing Bulls
A ALBON;23;Alexander ALBON;1255;ALB;9988;Williams
N HULKENBERG;27;Nico HULKENBERG;1255;HUL;9988;Kick Sauber
L LAWSON;30;Liam LAWSON;1255;LAW;9988;Red Bull Racing
E OCON;31;Esteban OCON;1255;OCO;9988;Haas F1 Team
L HAMILTON;44;Lewis HAMILTON;1255;HAM;9988;Ferrari
C SAINZ;55;Carlos SAINZ;1255;SAI;9988;Williams
G RUSSELL;63;George RUSSELL;1255;RUS;9988;Mercedes
O PIASTRI;81;Oscar PIASTRI;1255;PIA;9988;McLaren
O BEARMAN;87;Oliver BEARMAN;1255;BEA;9988;Haas F1 Team
M VERSTAPPEN;1;Max VERSTAPPEN;1255;VER;9989;Red Bull Racing
L NORRIS;4;Lando NORRIS;1255;NOR;9989;McLaren
G BORTOLETO;5;Gabriel BORTOLETO;1255;BOR;9989;Kick Sauber
I HADJAR;6;Isack HADJAR;1255;HAD;9989;Racing Bulls
J DOOHAN;7;Jack DOOHAN;1255;DOO;9989;Alpine
P GASLY;10;Pierre GASLY;1255;GAS;9989;Alpine
A ANTONELLI;12;Andrea Kimi ANTONELLI;1255;ANT;9989;Mercedes
F ALONSO;14;Fernando ALONSO;1255;ALO;9989;Aston Martin
C LECLERC;16;Charles LECLERC;1255;LEC;9989;Ferrari
L STROLL;18;Lance STROLL;1255;STR;9989;Aston Martin
Y TSUNODA;22;Yuki TSUNODA;1255;TSU;9989;Racing Bulls
A ALBON;23;Alexander ALBON;1255;ALB;9989;Williams
N HULKENBERG;27;Nico HULKENBERG;1255;HUL;9989;Kick Sauber
L LAWSON;30;Liam LAWSON;1255;LAW;9989;Red Bull Racing
E OCON;31;Esteban OCON;1255;OCO;9989;Haas F1 Team
L HAMILTON;44;Lewis HAMILTON;1255;HAM;9989;Ferrari
C SAINZ;55;Carlos SAINZ;1255;SAI;9989;Williams
G RUSSELL;63;George RUSSELL;1255;RUS;9989;Mercedes
O PIASTRI;81;Oscar PIASTRI;1255;PIA;9989;McLaren
O BEARMAN;87;Oliver BEARMAN;1255;BEA;9989;Haas F1 Team
M VERSTAPPEN;1;Max VERSTAPPEN;1255;VER;9993;Red Bull Racing
L NORRIS;4;Lando NORRIS;1255;NOR;9993;McLaren
G BORTOLETO;5;Gabriel BORTOLETO;1255;BOR;9993;Kick Sauber
I HADJAR;6;Isack HADJAR;1255;HAD;9993;Racing Bulls
J DOOHAN;7;Jack DOOHAN;1255;DOO;9993;Alpine
P GASLY;10;Pierre GASLY;1255;GAS;9993;Alpine
A ANTONELLI;12;Andrea Kimi ANTONELLI;1255;ANT;9993;Mercedes
F ALONSO;14;Fernando ALONSO;1255;ALO;9993;Aston Martin
C LECLERC;16;Charles LECLERC;1255;LEC;9993;Ferrari
L STROLL;18;Lance STROLL;1255;STR;9993;Aston Martin
Y TSUNODA;22;Yuki TSUNODA;1255;TSU;9993;Racing Bulls
A ALBON;23;Alexander ALBON;1255;ALB;9993;Williams
N HULKENBERG;27;Nico HULKENBERG;1255;HUL;9993;Kick Sauber
L LAWSON;30;Liam LAWSON;1255;LAW;9993;Red Bull Racing
E OCON;31;Esteban OCON;1255;OCO;9993;Haas F1 Team
L HAMILTON;44;Lewis HAMILTON;1255;HAM;9993;Ferrari
C SAINZ;55;Carlos SAINZ;1255;SAI;9993;Williams
G RUSSELL;63;George RUSSELL;1255;RUS;9993;Mercedes
O PIASTRI;81;Oscar PIASTRI;1255;PIA;9993;McLaren
O BEARMAN;87;Oliver BEARMAN;1255;BEA;9993;Haas F1 Team
M VERSTAPPEN;1;Max VERSTAPPEN;1255;VER;9994;Red Bull Racing
L NORRIS;4;Lando NORRIS;1255;NOR;9994;McLaren
G BORTOLETO;5;Gabriel BORTOLETO;1255;BOR;9994;Kick Sauber
I HADJAR;6;Isack HADJAR;1255;HAD;9994;Racing Bulls
J DOOHAN;7;Jack DOOHAN;1255;DOO;9994;Alpine
P GASLY;10;Pierre GASLY;1255;GAS;9994;Alpine
K ANTONELLI;12;Kimi ANTONELLI;1255;ANT;9994;Mercedes
F ALONSO;14;Fernando ALONSO;1255;ALO;9994;Aston Martin
C LECLERC;16;Charles LECLERC;1255;LEC;9994;Ferrari
L STROLL;18;Lance STROLL;1255;STR;9994;Aston Martin
Y TSUNODA;22;Yuki TSUNODA;1255;TSU;9994;Racing Bulls
A ALBON;23;Alexander ALBON;1255;ALB;9994;Williams
N HULKENBERG;27;Nico HULKENBERG;1255;HUL;9994;Kick Sauber
L LAWSON;30;Liam LAWSON;1255;LAW;9994;Red Bull Racing
E OCON;31;Esteban OCON;1255;OCO;9994;Haas F1 Team
L HAMILTON;44;Lewis HAMILTON;1255;HAM;9994;Ferrari
C SAINZ;55;Carlos SAINZ;1255;SAI;9994;Williams
G RUSSELL;63;George RUSSELL;1255;RUS;9994;Mercedes
O PIASTRI;81;Oscar PIASTRI;1255;PIA;9994;McLaren
O BEARMAN;87;Oliver BEARMAN;1255;BEA;9994;Haas F1 Team
M VERSTAPPEN;1;Max VERSTAPPEN;1255;VER;9998;Red Bull Racing
L NORRIS;4;Lando NORRIS;1255;NOR;9998;McLaren
G BORTOLETO;5;Gabriel BORTOLETO;1255;BOR;9998;Kick Sauber
I HADJAR;6;Isack HADJAR;1255;HAD;9998;Racing Bulls
J DOOHAN;7;Jack DOOHAN;1255;DOO;9998;Alpine
P GASLY;10;Pierre GASLY;1255;GAS;9998;Alpine
K ANTONELLI;12;Kimi ANTONELLI;1255;ANT;9998;Mercedes
F ALONSO;14;Fernando ALONSO;1255;ALO;9998;Aston Martin
C LECLERC;16;Charles LECLERC;1255;LEC;9998;Ferrari
L STROLL;18;Lance STROLL;1255;STR;9998;Aston Martin
Y TSUNODA;22;Yuki TSUNODA;1255;TSU;9998;Racing Bulls
A ALBON;23;Alexander ALBON;1255;ALB;9998;Williams
N HULKENBERG;27;Nico HULKENBERG;1255;HUL;9998;Kick Sauber
L LAWSON;30;Liam LAWSON;1255;LAW;9998;Red Bull Racing
E OCON;31;Esteban OCON;1255;OCO;9998;Haas F1 Team
L HAMILTON;44;Lewis HAMILTON;1255;HAM;9998;Ferrari
C SAINZ;55;Carlos SAINZ;1255;SAI;9998;Williams
G RUSSELL;63;George RUSSELL;1255;RUS;9998;Mercedes
O PIASTRI;81;Oscar PIASTRI;1255;PIA;9998;McLaren
O BEARMAN;87;Oliver BEARMAN;1255;BEA;9998;Haas F1 Team
M VERSTAPPEN;1;Max VERSTAPPEN;1256;VER;9999;Red Bull Racing
L NORRIS;4;Lando NORRIS;1256;NOR;9999;McLaren
G BORTOLETO;5;Gabriel BORTOLETO;1256;BOR;9999;Kick Sauber
I HADJAR;6;Isack HADJAR;1256;HAD;9999;Racing Bulls
P GASLY;10;Pierre GASLY;1256;GAS;9999;Alpine
K ANTONELLI;12;Kimi ANTONELLI;1256;ANT;9999;Mercedes
F ALONSO;14;Fernando ALONSO;1256;ALO;9999;Aston Martin
C LECLERC;16;Charles LECLERC;1256;LEC;9999;Ferrari
L STROLL;18;Lance STROLL;1256;STR;9999;Aston Martin
Y TSUNODA;22;Yuki TSUNODA;1256;TSU;9999;Red Bull Racing
A ALBON;23;Alexander ALBON;1256;ALB;9999;Williams
N HULKENBERG;27;Nico HULKENBERG;1256;HUL;9999;Kick Sauber
L LAWSON;30;Liam LAWSON;1256;LAW;9999;Racing Bulls
E OCON;31;Esteban OCON;1256;OCO;9999;Haas F1 Team
L HAMILTON;44;Lewis HAMILTON;1256;HAM;9999;Ferrari
C SAINZ;55;Carlos SAINZ;1256;SAI;9999;Williams
R HIRAKAWA;62;Ryo HIRAKAWA;1256;HIR;9999;Alpine
G RUSSELL;63;George RUSSELL;1256;RUS;9999;Mercedes
O PIASTRI;81;Oscar PIASTRI;1256;PIA;9999;McLaren
O BEARMAN;87;Oliver BEARMAN;1256;BEA;9999;Haas F1 Team
M VERSTAPPEN;1;Max VERSTAPPEN;1256;VER;10000;Red Bull Racing
L NORRIS;4;Lando NORRIS;1256;NOR;10000;McLaren
G BORTOLETO;5;Gabriel BORTOLETO;1256;BOR;10000;Kick Sauber
I HADJAR;6;Isack HADJAR;1256;HAD;10000;Racing Bulls
J DOOHAN;7;Jack DOOHAN;1256;DOO;10000;Alpine
P GASLY;10;Pierre GASLY;1256;GAS;10000;Alpine
K ANTONELLI;12;Kimi ANTONELLI;1256;ANT;10000;Mercedes
F ALONSO;14;Fernando ALONSO;1256;ALO;10000;Aston Martin
C LECLERC;16;Charles LECLERC;1256;LEC;10000;Ferrari
L STROLL;18;Lance STROLL;1256;STR;10000;Aston Martin
Y TSUNODA;22;Yuki TSUNODA;1256;TSU;10000;Red Bull Racing
A ALBON;23;Alexander ALBON;1256;ALB;10000;Williams
N HULKENBERG;27;Nico HULKENBERG;1256;HUL;10000;Kick Sauber
L LAWSON;30;Liam LAWSON;1256;LAW;10000;Racing Bulls
E OCON;31;Esteban OCON;1256;OCO;10000;Haas F1 Team
L HAMILTON;44;Lewis HAMILTON;1256;HAM;10000;Ferrari
C SAINZ;55;Carlos SAINZ;1256;SAI;10000;Williams
G RUSSELL;63;George RUSSELL;1256;RUS;10000;Mercedes
O PIASTRI;81;Oscar PIASTRI;1256;PIA;10000;McLaren
O BEARMAN;87;Oliver BEARMAN;1256;BEA;10000;Haas F1 Team
M VERSTAPPEN;1;Max VERSTAPPEN;1256;VER;10001;Red Bull Racing
L NORRIS;4;Lando NORRIS;1256;NOR;10001;McLaren
G BORTOLETO;5;Gabriel BORTOLETO;1256;BOR;10001;Kick Sauber
I HADJAR;6;Isack HADJAR;1256;HAD;10001;Racing Bulls
J DOOHAN;7;Jack DOOHAN;1256;DOO;10001;Alpine
P GASLY;10;Pierre GASLY;1256;GAS;10001;Alpine
K ANTONELLI;12;Kimi ANTONELLI;1256;ANT;10001;Mercedes
F ALONSO;14;Fernando ALONSO;1256;ALO;10001;Aston Martin
C LECLERC;16;Charles LECLERC;1256;LEC;10001;Ferrari
L STROLL;18;Lance STROLL;1256;STR;10001;Aston Martin
Y TSUNODA;22;Yuki TSUNODA;1256;TSU;10001;Red Bull Racing
A ALBON;23;Alexander ALBON;1256;ALB;10001;Williams
N HULKENBERG;27;Nico HULKENBERG;1256;HUL;10001;Kick Sauber
L LAWSON;30;Liam LAWSON;1256;LAW;10001;Racing Bulls
E OCON;31;Esteban OCON;1256;OCO;10001;Haas F1 Team
L HAMILTON;44;Lewis HAMILTON;1256;HAM;10001;Ferrari
C SAINZ;55;Carlos SAINZ;1256;SAI;10001;Williams
G RUSSELL;63;George RUSSELL;1256;RUS;10001;Mercedes
O PIASTRI;81;Oscar PIASTRI;1256;PIA;10001;McLaren
O BEARMAN;87;Oliver BEARMAN;1256;BEA;10001;Haas F1 Team
M VERSTAPPEN;1;Max VERSTAPPEN;1256;VER;10002;Red Bull Racing
L NORRIS;4;Lando NORRIS;1256;NOR;10002;McLaren
G BORTOLETO;5;Gabriel BORTOLETO;1256;BOR;10002;Kick Sauber
I HADJAR;6;Isack HADJAR;1256;HAD;10002;Racing Bulls
J DOOHAN;7;Jack DOOHAN;1256;DOO;10002;Alpine
P GASLY;10;Pierre GASLY;1256;GAS;10002;Alpine
K ANTONELLI;12;Kimi ANTONELLI;1256;ANT;10002;Mercedes
F ALONSO;14;Fernando ALONSO;1256;ALO;10002;Aston Martin
C LECLERC;16;Charles LECLERC;1256;LEC;10002;Ferrari
L STROLL;18;Lance STROLL;1256;STR;10002;Aston Martin
Y TSUNODA;22;Yuki TSUNODA;1256;TSU;10002;Red Bull Racing
A ALBON;23;Alexander ALBON;1256;ALB;10002;Williams
N HULKENBERG;27;Nico HULKENBERG;1256;HUL;10002;Kick Sauber
L LAWSON;30;Liam LAWSON;1256;LAW;10002;Racing Bulls
E OCON;31;Esteban OCON;1256;OCO;10002;Haas F1 Team
L HAMILTON;44;Lewis HAMILTON;1256;HAM;10002;Ferrari
C SAINZ;55;Carlos SAINZ;1256;SAI;10002;Williams
G RUSSELL;63;George RUSSELL;1256;RUS;10002;Mercedes
O PIASTRI;81;Oscar PIASTRI;1256;PIA;10002;McLaren
O BEARMAN;87;Oliver BEARMAN;1256;BEA;10002;Haas F1 Team
M VERSTAPPEN;1;Max VERSTAPPEN;1256;VER;10006;Red Bull Racing
L NORRIS;4;Lando NORRIS;1256;NOR;10006;McLaren
G BORTOLETO;5;Gabriel BORTOLETO;1256;BOR;10006;Kick Sauber
I HADJAR;6;Isack HADJAR;1256;HAD;10006;Racing Bulls
J DOOHAN;7;Jack DOOHAN;1256;DOO;10006;Alpine
P GASLY;10;Pierre GASLY;1256;GAS;10006;Alpine
K ANTONELLI;12;Kimi ANTONELLI;1256;ANT;10006;Mercedes
F ALONSO;14;Fernando ALONSO;1256;ALO;10006;Aston Martin
C LECLERC;16;Charles LECLERC;1256;LEC;10006;Ferrari
L STROLL;18;Lance STROLL;1256;STR;10006;Aston Martin
Y TSUNODA;22;Yuki TSUNODA;1256;TSU;10006;Red Bull Racing
A ALBON;23;Alexander ALBON;1256;ALB;10006;Williams
N HULKENBERG;27;Nico HULKENBERG;1256;HUL;10006;Kick Sauber
L LAWSON;30;Liam LAWSON;1256;LAW;10006;Racing Bulls
E OCON;31;Esteban OCON;1256;OCO;10006;Haas F1 Team
L HAMILTON;44;Lewis HAMILTON;1256;HAM;10006;Ferrari
C SAINZ;55;Carlos SAINZ;1256;SAI;10006;Williams
G RUSSELL;63;George RUSSELL;1256;RUS;10006;Mercedes
O PIASTRI;81;Oscar PIASTRI;1256;PIA;10006;McLaren
O BEARMAN;87;Oliver BEARMAN;1256;BEA;10006;Haas F1 Team
L NORRIS;4;Lando NORRIS;1257;NOR;10007;McLaren
G BORTOLETO;5;Gabriel BORTOLETO;1257;BOR;10007;Kick Sauber
I HADJAR;6;Isack HADJAR;1257;HAD;10007;Racing Bulls
J DOOHAN;7;Jack DOOHAN;1257;DOO;10007;Alpine
P GASLY;10;Pierre GASLY;1257;GAS;10007;Alpine
K ANTONELLI;12;Kimi ANTONELLI;1257;ANT;10007;Mercedes
L STROLL;18;Lance STROLL;1257;STR;10007;Aston Martin
Y TSUNODA;22;Yuki TSUNODA;1257;TSU;10007;Red Bull Racing
A ALBON;23;Alexander ALBON;1257;ALB;10007;Williams
N HULKENBERG;27;Nico HULKENBERG;1257;HUL;10007;Kick Sauber
L LAWSON;30;Liam LAWSON;1257;LAW;10007;Racing Bulls
E OCON;31;Esteban OCON;1257;OCO;10007;Haas F1 Team
F DRUGOVICH;34;Felipe DRUGOVICH;1257;DRU;10007;Aston Martin
A IWASA;37;Ayumu IWASA;1257;IWA;10007;Red Bull Racing
D BEGANOVIC;38;Dino BEGANOVIC;1257;BEG;10007;Ferrari
L HAMILTON;44;Lewis HAMILTON;1257;HAM;10007;Ferrari
L BROWNING;46;Luke BROWNING;1257;BRO;10007;Williams
R HIRAKAWA;50;Ryo HIRAKAWA;1257;HIR;10007;Haas F1 Team
F VESTI;72;Frederik VESTI;1257;VES;10007;Mercedes
O PIASTRI;81;Oscar PIASTRI;1257;PIA;10007;McLaren
M VERSTAPPEN;1;Max VERSTAPPEN;1257;VER;10008;Red Bull Racing
L NORRIS;4;Lando NORRIS;1257;NOR;10008;McLaren
G BORTOLETO;5;Gabriel BORTOLETO;1257;BOR;10008;Kick Sauber
I HADJAR;6;Isack HADJAR;1257;HAD;10008;Racing Bulls
J DOOHAN;7;Jack DOOHAN;1257;DOO;10008;Alpine
P GASLY;10;Pierre GASLY;1257;GAS;10008;Alpine
K ANTONELLI;12;Kimi ANTONELLI;1257;ANT;10008;Mercedes
F ALONSO;14;Fernando ALONSO;1257;ALO;10008;Aston Martin
C LECLERC;16;Charles LECLERC;1257;LEC;10008;Ferrari
L STROLL;18;Lance STROLL;1257;STR;10008;Aston Martin
Y TSUNODA;22;Yuki TSUNODA;1257;TSU;10008;Red Bull Racing
A ALBON;23;Alexander ALBON;1257;ALB;10008;Williams
N HULKENBERG;27;Nico HULKENBERG;1257;HUL;10008;Kick Sauber
L LAWSON;30;Liam LAWSON;1257;LAW;10008;Racing Bulls
E OCON;31;Esteban OCON;1257;OCO;10008;Haas F1 Team
L HAMILTON;44;Lewis HAMILTON;1257;HAM;10008;Ferrari
C SAINZ;55;Carlos SAINZ;1257;SAI;10008;Williams
G RUSSELL;63;George RUSSELL;1257;RUS;10008;Mercedes
O PIASTRI;81;Oscar PIASTRI;1257;PIA;10008;McLaren
O BEARMAN;87;Oliver BEARMAN;1257;BEA;10008;Haas F1 Team
M VERSTAPPEN;1;Max VERSTAPPEN;1257;VER;10009;Red Bull Racing
L NORRIS;4;Lando NORRIS;1257;NOR;10009;McLaren
G BORTOLETO;5;Gabriel BORTOLETO;1257;BOR;10009;Kick Sauber
I HADJAR;6;Isack HADJAR;1257;HAD;10009;Racing Bulls
J DOOHAN;7;Jack DOOHAN;1257;DOO;10009;Alpine
P GASLY;10;Pierre GASLY;1257;GAS;10009;Alpine
K ANTONELLI;12;Kimi ANTONELLI;1257;ANT;10009;Mercedes
F ALONSO;14;Fernando ALONSO;1257;ALO;10009;Aston Martin
C LECLERC;16;Charles LECLERC;1257;LEC;10009;Ferrari
L STROLL;18;Lance STROLL;1257;STR;10009;Aston Martin
Y TSUNODA;22;Yuki TSUNODA;1257;TSU;10009;Red Bull Racing
A ALBON;23;Alexander ALBON;1257;ALB;10009;Williams
N HULKENBERG;27;Nico HULKENBERG;1257;HUL;10009;Kick Sauber
L LAWSON;30;Liam LAWSON;1257;LAW;10009;Racing Bulls
E OCON;31;Esteban OCON;1257;OCO;10009;Haas F1 Team
L HAMILTON;44;Lewis HAMILTON;1257;HAM;10009;Ferrari
C SAINZ;55;Carlos SAINZ;1257;SAI;10009;Williams
G RUSSELL;63;George RUSSELL;1257;RUS;10009;Mercedes
O PIASTRI;81;Oscar PIASTRI;1257;PIA;10009;McLaren
O BEARMAN;87;Oliver BEARMAN;1257;BEA;10009;Haas F1 Team
M VERSTAPPEN;1;Max VERSTAPPEN;1257;VER;10010;Red Bull Racing
L NORRIS;4;Lando NORRIS;1257;NOR;10010;McLaren
G BORTOLETO;5;Gabriel BORTOLETO;1257;BOR;10010;Kick Sauber
I HADJAR;6;Isack HADJAR;1257;HAD;10010;Racing Bulls
J DOOHAN;7;Jack DOOHAN;1257;DOO;10010;Alpine
P GASLY;10;Pierre GASLY;1257;GAS;10010;Alpine
K ANTONELLI;12;Kimi ANTONELLI;1257;ANT;10010;Mercedes
F ALONSO;14;Fernando ALONSO;1257;ALO;10010;Aston Martin
C LECLERC;16;Charles LECLERC;1257;LEC;10010;Ferrari
L STROLL;18;Lance STROLL;1257;STR;10010;Aston Martin
Y TSUNODA;22;Yuki TSUNODA;1257;TSU;10010;Red Bull Racing
A ALBON;23;Alexander ALBON;1257;ALB;10010;Williams
N HULKENBERG;27;Nico HULKENBERG;1257;HUL;10010;Kick Sauber
L LAWSON;30;Liam LAWSON;1257;LAW;10010;Racing Bulls
E OCON;31;Esteban OCON;1257;OCO;10010;Haas F1 Team
L HAMILTON;44;Lewis HAMILTON;1257;HAM;10010;Ferrari
C SAINZ;55;Carlos SAINZ;1257;SAI;10010;Williams
G RUSSELL;63;George RUSSELL;1257;RUS;10010;Mercedes
O PIASTRI;81;Oscar PIASTRI;1257;PIA;10010;McLaren
O BEARMAN;87;Oliver BEARMAN;1257;BEA;10010;Haas F1 Team
M VERSTAPPEN;1;Max VERSTAPPEN;1257;VER;10014;Red Bull Racing
L NORRIS;4;Lando NORRIS;1257;NOR;10014;McLaren
G BORTOLETO;5;Gabriel BORTOLETO;1257;BOR;10014;Kick Sauber
I HADJAR;6;Isack HADJAR;1257;HAD;10014;Racing Bulls
J DOOHAN;7;Jack DOOHAN;1257;DOO;10014;Alpine
P GASLY;10;Pierre GASLY;1257;GAS;10014;Alpine
K ANTONELLI;12;Kimi ANTONELLI;1257;ANT;10014;Mercedes
F ALONSO;14;Fernando ALONSO;1257;ALO;10014;Aston Martin
C LECLERC;16;Charles LECLERC;1257;LEC;10014;Ferrari
L STROLL;18;Lance STROLL;1257;STR;10014;Aston Martin
Y TSUNODA;22;Yuki TSUNODA;1257;TSU;10014;Red Bull Racing
A ALBON;23;Alexander ALBON;1257;ALB;10014;Williams
N HULKENBERG;27;Nico HULKENBERG;1257;HUL;10014;Kick Sauber
L LAWSON;30;Liam LAWSON;1257;LAW;10014;Racing Bulls
E OCON;31;Esteban OCON;1257;OCO;10014;Haas F1 Team
L HAMILTON;44;Lewis HAMILTON;1257;HAM;10014;Ferrari
C SAINZ;55;Carlos SAINZ;1257;SAI;10014;Williams
G RUSSELL;63;George RUSSELL;1257;RUS;10014;Mercedes
O PIASTRI;81;Oscar PIASTRI;1257;PIA;10014;McLaren
O BEARMAN;87;Oliver BEARMAN;1257;BEA;10014;Haas F1 Team
M VERSTAPPEN;1;Max VERSTAPPEN;1258;VER;10015;Red Bull Racing
L NORRIS;4;Lando NORRIS;1258;NOR;10015;McLaren
G BORTOLETO;5;Gabriel BORTOLETO;1258;BOR;10015;Kick Sauber
I HADJAR;6;Isack HADJAR;1258;HAD;10015;Racing Bulls
J DOOHAN;7;Jack DOOHAN;1258;DOO;10015;Alpine
P GASLY;10;Pierre GASLY;1258;GAS;10015;Alpine
K ANTONELLI;12;Kimi ANTONELLI;1258;ANT;10015;Mercedes
F ALONSO;14;Fernando ALONSO;1258;ALO;10015;Aston Martin
C LECLERC;16;Charles LECLERC;1258;LEC;10015;Ferrari
L STROLL;18;Lance STROLL;1258;STR;10015;Aston Martin
Y TSUNODA;22;Yuki TSUNODA;1258;TSU;10015;Red Bull Racing
A ALBON;23;Alexander ALBON;1258;ALB;10015;Williams
N HULKENBERG;27;Nico HULKENBERG;1258;HUL;10015;Kick Sauber
L LAWSON;30;Liam LAWSON;1258;LAW;10015;Racing Bulls
E OCON;31;Esteban OCON;1258;OCO;10015;Haas F1 Team
L HAMILTON;44;Lewis HAMILTON;1258;HAM;10015;Ferrari
C SAINZ;55;Carlos SAINZ;1258;SAI;10015;Williams
G RUSSELL;63;George RUSSELL;1258;RUS;10015;Mercedes
O PIASTRI;81;Oscar PIASTRI;1258;PIA;10015;McLaren
O BEARMAN;87;Oliver BEARMAN;1258;BEA;10015;Haas F1 Team
M VERSTAPPEN;1;Max VERSTAPPEN;1258;VER;10016;Red Bull Racing
L NORRIS;4;Lando NORRIS;1258;NOR;10016;McLaren
G BORTOLETO;5;Gabriel BORTOLETO;1258;BOR;10016;Kick Sauber
I HADJAR;6;Isack HADJAR;1258;HAD;10016;Racing Bulls
J DOOHAN;7;Jack DOOHAN;1258;DOO;10016;Alpine
P GASLY;10;Pierre GASLY;1258;GAS;10016;Alpine
K ANTONELLI;12;Kimi ANTONELLI;1258;ANT;10016;Mercedes
F ALONSO;14;Fernando ALONSO;1258;ALO;10016;Aston Martin
C LECLERC;16;Charles LECLERC;1258;LEC;10016;Ferrari
L STROLL;18;Lance STROLL;1258;STR;10016;Aston Martin
Y TSUNODA;22;Yuki TSUNODA;1258;TSU;10016;Red Bull Racing
A ALBON;23;Alexander ALBON;1258;ALB;10016;Williams
N HULKENBERG;27;Nico HULKENBERG;1258;HUL;10016;Kick Sauber
L LAWSON;30;Liam LAWSON;1258;LAW;10016;Racing Bulls
E OCON;31;Esteban OCON;1258;OCO;10016;Haas F1 Team
L HAMILTON;44;Lewis HAMILTON;1258;HAM;10016;Ferrari
C SAINZ;55;Carlos SAINZ;1258;SAI;10016;Williams
G RUSSELL;63;George RUSSELL;1258;RUS;10016;Mercedes
O PIASTRI;81;Oscar PIASTRI;1258;PIA;10016;McLaren
O BEARMAN;87;Oliver BEARMAN;1258;BEA;10016;Haas F1 Team
M VERSTAPPEN;1;Max VERSTAPPEN;1258;VER;10017;Red Bull Racing
L NORRIS;4;Lando NORRIS;1258;NOR;10017;McLaren
G BORTOLETO;5;Gabriel BORTOLETO;1258;BOR;10017;Kick Sauber
I HADJAR;6;Isack HADJAR;1258;HAD;10017;Racing Bulls
J DOOHAN;7;Jack DOOHAN;1258;DOO;10017;Alpine
P GASLY;10;Pierre GASLY;1258;GAS;10017;Alpine
K ANTONELLI;12;Kimi ANTONELLI;1258;ANT;10017;Mercedes
F ALONSO;14;Fernando ALONSO;1258;ALO;10017;Aston Martin
C LECLERC;16;Charles LECLERC;1258;LEC;10017;Ferrari
L STROLL;18;Lance STROLL;1258;STR;10017;Aston Martin
Y TSUNODA;22;Yuki TSUNODA;1258;TSU;10017;Red Bull Racing
A ALBON;23;Alexander ALBON;1258;ALB;10017;Williams
N HULKENBERG;27;Nico HULKENBERG;1258;HUL;10017;Kick Sauber
L LAWSON;30;Liam LAWSON;1258;LAW;10017;Racing Bulls
E OCON;31;Esteban OCON;1258;OCO;10017;Haas F1 Team
L HAMILTON;44;Lewis HAMILTON;1258;HAM;10017;Ferrari
C SAINZ;55;Carlos SAINZ;1258;SAI;10017;Williams
G RUSSELL;63;George RUSSELL;1258;RUS;10017;Mercedes
O PIASTRI;81;Oscar PIASTRI;1258;PIA;10017;McLaren
O BEARMAN;87;Oliver BEARMAN;1258;BEA;10017;Haas F1 Team
M VERSTAPPEN;1;Max VERSTAPPEN;1258;VER;10018;Red Bull Racing
L NORRIS;4;Lando NORRIS;1258;NOR;10018;McLaren
G BORTOLETO;5;Gabriel BORTOLETO;1258;BOR;10018;Kick Sauber
I HADJAR;6;Isack HADJAR;1258;HAD;10018;Racing Bulls
J DOOHAN;7;Jack DOOHAN;1258;DOO;10018;Alpine
P GASLY;10;Pierre GASLY;1258;GAS;10018;Alpine
K ANTONELLI;12;Kimi ANTONELLI;1258;ANT;10018;Mercedes
F ALONSO;14;Fernando ALONSO;1258;ALO;10018;Aston Martin
C LECLERC;16;Charles LECLERC;1258;LEC;10018;Ferrari
L STROLL;18;Lance STROLL;1258;STR;10018;Aston Martin
Y TSUNODA;22;Yuki TSUNODA;1258;TSU;10018;Red Bull Racing
A ALBON;23;Alexander ALBON;1258;ALB;10018;Williams
N HULKENBERG;27;Nico HULKENBERG;1258;HUL;10018;Kick Sauber
L LAWSON;30;Liam LAWSON;1258;LAW;10018;Racing Bulls
E OCON;31;Esteban OCON;1258;OCO;10018;Haas F1 Team
L HAMILTON;44;Lewis HAMILTON;1258;HAM;10018;Ferrari
C SAINZ;55;Carlos SAINZ;1258;SAI;10018;Williams
G RUSSELL;63;George RUSSELL;1258;RUS;10018;Mercedes
O PIASTRI;81;Oscar PIASTRI;1258;PIA;10018;McLaren
O BEARMAN;87;Oliver BEARMAN;1258;BEA;10018;Haas F1 Team
M VERSTAPPEN;1;Max VERSTAPPEN;1258;VER;10022;Red Bull Racing
L NORRIS;4;Lando NORRIS;1258;NOR;10022;McLaren
G BORTOLETO;5;Gabriel BORTOLETO;1258;BOR;10022;Kick Sauber
I HADJAR;6;Isack HADJAR;1258;HAD;10022;Racing Bulls
J DOOHAN;7;Jack DOOHAN;1258;DOO;10022;Alpine
P GASLY;10;Pierre GASLY;1258;GAS;10022;Alpine
K ANTONELLI;12;Kimi ANTONELLI;1258;ANT;10022;Mercedes
F ALONSO;14;Fernando ALONSO;1258;ALO;10022;Aston Martin
C LECLERC;16;Charles LECLERC;1258;LEC;10022;Ferrari
L STROLL;18;Lance STROLL;1258;STR;10022;Aston Martin
Y TSUNODA;22;Yuki TSUNODA;1258;TSU;10022;Red Bull Racing
A ALBON;23;Alexander ALBON;1258;ALB;10022;Williams
N HULKENBERG;27;Nico HULKENBERG;1258;HUL;10022;Kick Sauber
L LAWSON;30;Liam LAWSON;1258;LAW;10022;Racing Bulls
E OCON;31;Esteban OCON;1258;OCO;10022;Haas F1 Team
L HAMILTON;44;Lewis HAMILTON;1258;HAM;10022;Ferrari
C SAINZ;55;Carlos SAINZ;1258;SAI;10022;Williams
G RUSSELL;63;George RUSSELL;1258;RUS;10022;Mercedes
O PIASTRI;81;Oscar PIASTRI;1258;PIA;10022;McLaren
O BEARMAN;87;Oliver BEARMAN;1258;BEA;10022;Haas F1 Team