compound;driver_number;lap_end;lap_start;meeting_key;session_key;stint_number;tyre_age_at_start
MEDIUM;27;1;1;1253;9683;1;0
MEDIUM;87;1;1;1253;9683;1;0
MEDIUM;81;1;1;1253;9683;1;0
HARD;7;1;1;1253;9683;1;0
MEDIUM;23;1;1;1253;9683;1;0
HARD;31;1;1;1253;9683;1;16
UNKNOWN;14;2;1;1253;9683;1;0
MEDIUM;5;2;1;1253;9683;1;16
MEDIUM;18;2;1;1253;9683;1;0
MEDIUM;4;2;1;1253;9683;1;17
MEDIUM;22;3;1;1253;9683;1;0
MEDIUM;55;3;1;1253;9683;1;0
HARD;30;4;1;1253;9683;1;0
MEDIUM;6;4;1;1253;9683;1;0
HARD;1;4;1;1253;9683;1;13
MEDIUM;63;4;1;1253;9683;1;16
MEDIUM;12;5;1;1253;9683;1;0
HARD;44;5;1;1253;9683;1;0
HARD;16;5;1;1253;9683;1;11
MEDIUM;10;5;1;1253;9683;1;14
MEDIUM;23;2;2;1253;9683;2;1
HARD;7;2;2;1253;9683;2;0
MEDIUM;81;2;2;1253;9683;2;1
MEDIUM;27;4;2;1253;9683;2;1
MEDIUM;87;6;2;1253;9683;2;1
MEDIUM;31;11;2;1253;9683;2;11
MEDIUM;23;3;3;1253;9683;3;2
MEDIUM;81;3;3;1253;9683;3;2
MEDIUM;14;4;3;1253;9683;2;0
MEDIUM;5;4;3;1253;9683;2;13
MEDIUM;4;4;3;1253;9683;2;19
MEDIUM;18;7;3;1253;9683;2;6
HARD;7;8;3;1253;9683;3;2
MEDIUM;23;4;4;1253;9683;4;3
MEDIUM;81;4;4;1253;9683;4;3
MEDIUM;55;5;4;1253;9683;2;8
MEDIUM;22;6;4;1253;9683;2;3
MEDIUM;81;5;5;1253;9683;5;0
MEDIUM;23;6;5;1253;9683;5;4
MEDIUM;5;6;5;1253;9683;3;0
MEDIUM;4;6;5;1253;9683;3;21
MEDIUM;27;7;5;1253;9683;3;4
MEDIUM;63;7;5;1253;9683;2;0
HARD;30;8;5;1253;9683;2;4
MEDIUM;6;8;5;1253;9683;2;13
HARD;1;9;5;1253;9683;2;0
MEDIUM;14;13;5;1253;9683;3;0
MEDIUM;12;6;6;1253;9683;2;5
MEDIUM;81;6;6;1253;9683;6;5
HARD;44;10;6;1253;9683;2;5
HARD;16;10;6;1253;9683;2;16
MEDIUM;10;11;6;1253;9683;2;0
HARD;55;12;6;1253;9683;3;0
MEDIUM;81;7;7;1253;9683;7;0
MEDIUM;5;8;7;1253;9683;4;15
MEDIUM;22;9;7;1253;9683;3;6
MEDIUM;87;11;7;1253;9683;3;6
MEDIUM;12;11;7;1253;9683;3;6
MEDIUM;23;11;7;1253;9683;6;0
MEDIUM;4;12;7;1253;9683;4;0
MEDIUM;81;13;8;1253;9683;8;7
MEDIUM;18;13;8;1253;9683;3;0
MEDIUM;27;16;8;1253;9683;4;0
MEDIUM;63;19;8;1253;9683;3;0
MEDIUM;5;10;9;1253;9683;5;20
MEDIUM;6;12;9;1253;9683;3;13
HARD;30;13;9;1253;9683;3;8
HARD;7;14;9;1253;9683;4;8
MEDIUM;22;16;10;1253;9683;4;9
HARD;1;18;10;1253;9683;3;0
HARD;44;11;11;1253;9683;3;10
HARD;16;11;11;1253;9683;3;21
MEDIUM;5;12;11;1253;9683;6;0
MEDIUM;10;14;12;1253;9683;3;0
MEDIUM;12;16;12;1253;9683;4;11
MEDIUM;44;16;12;1253;9683;4;0
MEDIUM;16;16;12;1253;9683;4;0
MEDIUM;23;18;12;1253;9683;7;0
MEDIUM;87;26;12;1253;9683;4;0
HARD;31;26;12;1253;9683;3;0
MEDIUM;5;14;13;1253;9683;7;13
MEDIUM;6;17;13;1253;9683;4;0
MEDIUM;4;18;13;1253;9683;5;0
HARD;55;19;13;1253;9683;4;7
MEDIUM;81;14;14;1253;9683;9;13
HARD;30;16;14;1253;9683;4;0
MEDIUM;14;19;14;1253;9683;4;0
MEDIUM;18;20;14;1253;9683;4;0
MEDIUM;81;15;15;1253;9683;10;14
MEDIUM;5;16;15;1253;9683;8;19
MEDIUM;10;17;15;1253;9683;4;3
HARD;7;24;15;1253;9683;5;0
MEDIUM;81;16;16;1253;9683;11;15
MEDIUM;81;17;17;1253;9683;12;16
MEDIUM;5;17;17;1253;9683;9;13
MEDIUM;27;21;17;1253;9683;5;0
MEDIUM;44;21;17;1253;9683;5;5
MEDIUM;16;21;17;1253;9683;5;0
MEDIUM;12;22;17;1253;9683;5;0
MEDIUM;22;23;17;1253;9683;5;16
HARD;30;26;17;1253;9683;5;3
MEDIUM;10;20;18;1253;9683;5;0
MEDIUM;81;23;18;1253;9683;13;0
MEDIUM;6;27;18;1253;9683;5;5
UNKNOWN;5;30;18;1253;9683;10;0
HARD;1;21;19;1253;9683;4;0
MEDIUM;4;21;19;1253;9683;6;0
MEDIUM;23;25;19;1253;9683;8;7
MEDIUM;63;20;20;1253;9683;4;0
MEDIUM;14;21;20;1253;9683;5;0
HARD;55;24;20;1253;9683;5;0
MEDIUM;18;21;21;1253;9683;5;0
UNKNOWN;10;22;21;1253;9683;6;0
MEDIUM;63;22;21;1253;9683;5;18
MEDIUM;44;26;22;1253;9683;6;0
MEDIUM;16;27;22;1253;9683;6;0
MEDIUM;18;27;22;1253;9683;6;1
MEDIUM;27;29;22;1253;9683;6;0
MEDIUM;14;29;22;1253;9683;6;0
HARD;1;31;22;1253;9683;5;0
MEDIUM;4;33;22;1253;9683;7;3
MEDIUM;10;25;23;1253;9683;7;0
MEDIUM;63;25;23;1253;9683;6;0
MEDIUM;12;28;23;1253;9683;6;0
MEDIUM;22;29;24;1253;9683;6;0
MEDIUM;81;33;24;1253;9683;14;6
HARD;55;25;25;1253;9683;6;5
MEDIUM;7;30;25;1253;9683;6;0
MEDIUM;10;26;26;1253;9683;8;0
MEDIUM;23;30;26;1253;9683;9;0
MEDIUM;55;30;26;1253;9683;7;0
MEDIUM;63;37;26;1253;9683;7;1
HARD;30;29;27;1253;9683;6;0
MEDIUM;44;31;27;1253;9683;7;5
HARD;31;36;27;1253;9683;4;0
MEDIUM;10;39;27;1253;9683;9;0
MEDIUM;87;41;27;1253;9683;5;0
MEDIUM;16;32;28;1253;9683;7;6
MEDIUM;6;33;28;1253;9683;6;0
MEDIUM;18;33;28;1253;9683;7;0
MEDIUM;12;34;29;1253;9683;7;12
MEDIUM;27;34;30;1253;9683;7;0
MEDIUM;22;36;30;1253;9683;7;0
MEDIUM;14;38;30;1253;9683;7;0
HARD;30;39;30;1253;9683;7;3
MEDIUM;7;33;31;1253;9683;7;0
MEDIUM;55;33;31;1253;9683;8;0
MEDIUM;23;39;31;1253;9683;10;5
HARD;5;43;31;1253;9683;11;0
MEDIUM;44;36;32;1253;9683;8;0
HARD;1;36;32;1253;9683;6;0
MEDIUM;16;37;33;1253;9683;8;0
MEDIUM;6;34;34;1253;9683;7;0
MEDIUM;4;34;34;1253;9683;8;16
MEDIUM;7;36;34;1253;9683;8;3
MEDIUM;55;36;34;1253;9683;9;3
MEDIUM;81;39;34;1253;9683;15;0
MEDIUM;18;42;34;1253;9683;8;0
MEDIUM;12;37;35;1253;9683;8;0
MEDIUM;6;40;35;1253;9683;8;0
MEDIUM;27;42;35;1253;9683;8;0
HARD;4;50;35;1253;9683;9;0
MEDIUM;22;38;37;1253;9683;8;0
MEDIUM;7;39;37;1253;9683;9;0
MEDIUM;44;41;37;1253;9683;9;5
HARD;1;45;37;1253;9683;7;5
MEDIUM;55;45;37;1253;9683;10;6
HARD;31;46;37;1253;9683;5;0
MEDIUM;63;40;38;1253;9683;8;4
MEDIUM;16;42;38;1253;9683;9;5
MEDIUM;12;50;38;1253;9683;9;3
MEDIUM;22;41;39;1253;9683;9;0
MEDIUM;14;46;39;1253;9683;8;0
MEDIUM;7;42;40;1253;9683;10;3
MEDIUM;30;43;40;1253;9683;8;0
HARD;23;44;40;1253;9683;11;0
MEDIUM;81;49;40;1253;9683;16;6
HARD;10;52;40;1253;9683;10;0
MEDIUM;6;47;41;1253;9683;9;0
MEDIUM;63;52;41;1253;9683;9;16
MEDIUM;22;48;42;1253;9683;10;5
MEDIUM;44;51;42;1253;9683;10;0
MEDIUM;87;56;42;1253;9683;6;0
MEDIUM;7;44;43;1253;9683;11;6
MEDIUM;27;47;43;1253;9683;9;0
MEDIUM;16;52;43;1253;9683;10;10
MEDIUM;30;45;44;1253;9683;9;0
HARD;5;48;44;1253;9683;12;0
HARD;23;49;45;1253;9683;12;5
MEDIUM;7;52;45;1253;9683;12;0
MEDIUM;30;48;46;1253;9683;10;0
MEDIUM;1;48;46;1253;9683;8;0
MEDIUM;55;51;46;1253;9683;11;0
MEDIUM;31;64;47;1253;9683;6;0
MEDIUM;6;53;48;1253;9683;10;0
MEDIUM;27;55;48;1253;9683;10;0
HARD;5;50;49;1253;9683;13;0
MEDIUM;22;54;49;1253;9683;11;0
MEDIUM;30;58;49;1253;9683;11;3
MEDIUM;1;60;49;1253;9683;9;0
HARD;23;56;50;1253;9683;13;0
MEDIUM;81;56;50;1253;9683;17;0
MEDIUM;4;51;51;1253;9683;10;17
MEDIUM;12;53;51;1253;9683;10;0
HARD;5;53;51;1253;9683;14;5
HARD;4;52;52;1253;9683;11;16
MEDIUM;55;60;52;1253;9683;12;6
MEDIUM;44;61;52;1253;9683;11;10
MEDIUM;16;53;53;1253;9683;11;0
MEDIUM;63;55;53;1253;9683;10;3
MEDIUM;7;60;53;1253;9683;13;6
HARD;10;65;53;1253;9683;11;0
MEDIUM;5;59;54;1253;9683;15;0
MEDIUM;6;60;54;1253;9683;11;0
MEDIUM;16;63;54;1253;9683;12;11
MEDIUM;12;66;54;1253;9683;11;3
MEDIUM;22;61;55;1253;9683;12;0
MEDIUM;63;70;56;1253;9683;11;0
HARD;23;63;57;1253;9683;14;7
MEDIUM;81;66;57;1253;9683;18;0
HARD;87;72;57;1253;9683;7;0
HARD;55;61;61;1253;9683;13;14
MEDIUM;1;62;61;1253;9683;10;0
MEDIUM;7;68;61;1253;9683;14;6
MEDIUM;6;68;61;1253;9683;12;7
MEDIUM;55;62;62;1253;9683;14;10
MEDIUM;22;67;62;1253;9683;13;0
MEDIUM;44;70;62;1253;9683;12;10
MEDIUM;55;63;63;1253;9683;15;15
MEDIUM;1;74;63;1253;9683;11;0
MEDIUM;55;64;64;1253;9683;16;15
MEDIUM;16;71;64;1253;9683;13;10
MEDIUM;31;65;65;1253;9683;7;18
HARD;55;65;65;1253;9683;17;15
MEDIUM;10;66;66;1253;9683;12;8
MEDIUM;55;68;66;1253;9683;18;11
MEDIUM;31;83;66;1253;9683;8;0
MEDIUM;10;67;67;1253;9683;13;8
MEDIUM;12;69;67;1253;9683;12;0
MEDIUM;10;68;68;1253;9683;14;9
MEDIUM;22;74;68;1253;9683;14;0
MEDIUM;6;69;69;1253;9683;13;0
MEDIUM;10;70;69;1253;9683;15;13
MEDIUM;6;70;70;1253;9683;14;0
MEDIUM;12;78;70;1253;9683;13;3
MEDIUM;6;71;71;1253;9683;15;0
MEDIUM;10;71;71;1253;9683;16;10
MEDIUM;6;72;72;1253;9683;16;0
MEDIUM;10;72;72;1253;9683;17;0
MEDIUM;6;73;73;1253;9683;17;0
MEDIUM;6;76;74;1253;9683;18;16
MEDIUM;22;78;75;1253;9683;15;13
HARD;31;84;84;1253;9683;9;10
HARD;31;85;85;1253;9683;10;0
HARD;31;88;86;1253;9683;11;0
HARD;10;1;1;1253;9684;1;13
MEDIUM;81;1;1;1253;9684;1;0
MEDIUM;6;1;1;1253;9684;1;0
MEDIUM;14;2;1;1253;9684;1;8
MEDIUM;55;2;1;1253;9684;1;11
UNKNOWN;18;2;1;1253;9684;1;0
HARD;31;3;1;1253;9684;1;14
MEDIUM;22;3;1;1253;9684;1;6
MEDIUM;12;3;1;1253;9684;1;0
HARD;30;4;1;1253;9684;1;14
MEDIUM;4;4;1;1253;9684;1;6
MEDIUM;44;5;1;1253;9684;1;0
MEDIUM;87;5;1;1253;9684;1;16
MEDIUM;63;6;1;1253;9684;1;12
HARD;27;7;1;1253;9684;1;0
MEDIUM;16;7;1;1253;9684;1;0
HARD;5;7;1;1253;9684;1;0
HARD;7;8;1;1253;9684;1;0
HARD;10;2;2;1253;9684;2;14
MEDIUM;81;2;2;1253;9684;2;7
MEDIUM;6;12;2;1253;9684;2;7
MEDIUM;81;3;3;1253;9684;3;8
MEDIUM;10;3;3;1253;9684;3;0
MEDIUM;55;4;3;1253;9684;2;13
MEDIUM;18;4;3;1253;9684;2;9
HARD;14;9;3;1253;9684;2;0
MEDIUM;81;4;4;1253;9684;4;23
MEDIUM;22;5;4;1253;9684;2;9
HARD;31;6;4;1253;9684;2;17
MEDIUM;10;6;4;1253;9684;4;1
MEDIUM;12;7;4;1253;9684;2;17
MEDIUM;81;5;5;1253;9684;5;9
MEDIUM;55;6;5;1253;9684;3;15
MEDIUM;30;7;5;1253;9684;2;0
MEDIUM;4;7;5;1253;9684;2;0
MEDIUM;18;11;5;1253;9684;3;6
MEDIUM;81;7;6;1253;9684;6;0
MEDIUM;22;8;6;1253;9684;3;0
MEDIUM;44;11;6;1253;9684;2;0
HARD;87;20;6;1253;9684;2;0
MEDIUM;63;9;7;1253;9684;2;0
HARD;31;11;7;1253;9684;3;20
MEDIUM;55;11;7;1253;9684;4;0
MEDIUM;10;14;7;1253;9684;5;4
MEDIUM;4;9;8;1253;9684;3;0
MEDIUM;12;10;8;1253;9684;3;0
MEDIUM;27;12;8;1253;9684;2;0
MEDIUM;16;12;8;1253;9684;2;0
MEDIUM;5;12;8;1253;9684;2;0
MEDIUM;30;15;8;1253;9684;3;3
MEDIUM;81;20;8;1253;9684;7;2
MEDIUM;22;11;9;1253;9684;4;0
MEDIUM;7;14;9;1253;9684;2;0
MEDIUM;4;10;10;1253;9684;4;0
HARD;14;14;10;1253;9684;3;0
MEDIUM;63;21;10;1253;9684;3;0
MEDIUM;12;12;11;1253;9684;4;3
MEDIUM;4;30;11;1253;9684;5;4
HARD;31;12;12;1253;9684;4;25
HARD;55;14;12;1253;9684;5;0
MEDIUM;44;16;12;1253;9684;3;0
MEDIUM;18;16;12;1253;9684;4;0
MEDIUM;22;27;12;1253;9684;5;6
UNKNOWN;6;13;13;1253;9684;3;0
MEDIUM;5;16;13;1253;9684;3;0
MEDIUM;12;17;13;1253;9684;5;0
MEDIUM;16;18;13;1253;9684;3;0
MEDIUM;27;21;13;1253;9684;3;0
MEDIUM;31;24;13;1253;9684;5;0
MEDIUM;6;30;14;1253;9684;4;1
MEDIUM;7;17;15;1253;9684;3;0
HARD;55;20;15;1253;9684;6;3
MEDIUM;10;22;15;1253;9684;6;12
MEDIUM;14;24;15;1253;9684;4;6
MEDIUM;30;16;16;1253;9684;4;0
MEDIUM;44;17;17;1253;9684;4;23
MEDIUM;5;19;17;1253;9684;4;0
MEDIUM;18;22;17;1253;9684;5;0
MEDIUM;30;28;17;1253;9684;5;1
MEDIUM;12;19;18;1253;9684;6;0
MEDIUM;7;20;18;1253;9684;4;0
MEDIUM;44;25;18;1253;9684;5;24
MEDIUM;16;23;19;1253;9684;4;0
HARD;5;21;20;1253;9684;5;14
MEDIUM;12;22;20;1253;9684;7;0
MEDIUM;7;22;21;1253;9684;5;0
MEDIUM;81;24;21;1253;9684;8;0
HARD;55;26;21;1253;9684;7;0
HARD;87;31;21;1253;9684;3;0
MEDIUM;5;22;22;1253;9684;6;0
MEDIUM;27;24;22;1253;9684;4;14
MEDIUM;63;25;22;1253;9684;4;0
MEDIUM;12;23;23;1253;9684;8;0
MEDIUM;10;25;23;1253;9684;7;0
MEDIUM;7;26;23;1253;9684;6;6
MEDIUM;18;27;23;1253;9684;6;0
MEDIUM;5;35;23;1253;9684;7;4
MEDIUM;16;25;24;1253;9684;5;0
MEDIUM;12;26;24;1253;9684;9;10
MEDIUM;31;25;25;1253;9684;6;0
MEDIUM;27;25;25;1253;9684;5;17
MEDIUM;81;30;25;1253;9684;9;4
HARD;14;34;25;1253;9684;5;5
INTERMEDIATE;31;26;26;1253;9684;7;0
MEDIUM;16;26;26;1253;9684;6;0
MEDIUM;63;28;26;1253;9684;5;4
MEDIUM;27;28;26;1253;9684;6;0
MEDIUM;44;30;26;1253;9684;6;0
MEDIUM;10;31;26;1253;9684;8;3
INTERMEDIATE;31;27;27;1253;9684;8;0
MEDIUM;7;27;27;1253;9684;7;3
MEDIUM;12;29;27;1253;9684;10;0
HARD;55;31;27;1253;9684;8;0
MEDIUM;16;43;27;1253;9684;7;1
INTERMEDIATE;31;28;28;1253;9684;9;2
MEDIUM;22;32;28;1253;9684;6;0
HARD;18;37;28;1253;9684;7;0
MEDIUM;7;44;28;1253;9684;8;4
MEDIUM;30;30;29;1253;9684;6;0
HARD;31;31;29;1253;9684;10;26
MEDIUM;27;31;29;1253;9684;7;0
MEDIUM;63;42;29;1253;9684;6;7
MEDIUM;12;30;30;1253;9684;11;0
MEDIUM;81;32;31;1253;9684;10;0
MEDIUM;44;35;31;1253;9684;7;0
HARD;4;48;31;1253;9684;6;0
HARD;30;50;31;1253;9684;7;0
MEDIUM;12;50;31;1253;9684;12;4
HARD;6;55;31;1253;9684;5;0
MEDIUM;10;34;32;1253;9684;9;0
MEDIUM;31;35;32;1253;9684;11;13
MEDIUM;27;36;32;1253;9684;8;0
HARD;55;38;32;1253;9684;9;6
MEDIUM;87;50;32;1253;9684;4;0
MEDIUM;81;36;33;1253;9684;11;2
MEDIUM;22;37;33;1253;9684;7;0
MEDIUM;14;40;35;1253;9684;6;0
MEDIUM;10;40;35;1253;9684;10;3
MEDIUM;44;43;36;1253;9684;8;5
MEDIUM;31;50;36;1253;9684;12;0
HARD;5;55;36;1253;9684;8;0
HARD;81;40;37;1253;9684;12;0
MEDIUM;27;45;37;1253;9684;9;0
MEDIUM;22;40;38;1253;9684;8;0
HARD;18;47;38;1253;9684;8;0
HARD;55;44;39;1253;9684;10;5
MEDIUM;22;43;41;1253;9684;9;3
HARD;81;44;41;1253;9684;13;4
MEDIUM;14;45;41;1253;9684;7;0
MEDIUM;63;45;43;1253;9684;7;0
MEDIUM;22;44;44;1253;9684;10;6
MEDIUM;44;45;44;1253;9684;9;5
HARD;16;61;44;1253;9684;8;0
MEDIUM;22;45;45;1253;9684;11;0
HARD;81;45;45;1253;9684;14;7
HARD;55;49;45;1253;9684;11;0
HARD;7;59;45;1253;9684;9;0
MEDIUM;27;46;46;1253;9684;10;0
MEDIUM;22;46;46;1253;9684;12;8
HARD;81;46;46;1253;9684;15;7
MEDIUM;63;56;46;1253;9684;8;0
MEDIUM;27;48;47;1253;9684;11;1
HARD;18;57;48;1253;9684;9;0
MEDIUM;27;53;49;1253;9684;12;0
HARD;4;68;49;1253;9684;7;0
MEDIUM;55;54;50;1253;9684;12;0
MEDIUM;31;51;51;1253;9684;13;15
MEDIUM;87;63;51;1253;9684;5;0
HARD;12;65;51;1253;9684;13;0
HARD;30;74;51;1253;9684;8;13
MEDIUM;31;67;52;1253;9684;14;0
MEDIUM;27;56;54;1253;9684;13;0
MEDIUM;55;54;55;1253;9684;13;0
MEDIUM;55;59;55;1253;9684;14;0
HARD;6;71;56;1253;9684;6;0
HARD;5;80;56;1253;9684;9;0
MEDIUM;63;60;57;1253;9684;9;0
MEDIUM;18;58;58;1253;9684;10;12
MEDIUM;55;63;60;1253;9684;15;0
MEDIUM;7;74;60;1253;9684;10;0
MEDIUM;63;70;61;1253;9684;10;4
HARD;16;83;62;1253;9684;9;0
MEDIUM;87;66;64;1253;9684;6;0
MEDIUM;55;68;64;1253;9684;16;0
HARD;12;87;66;1253;9684;14;0
MEDIUM;31;69;68;1253;9684;15;16
MEDIUM;4;69;69;1253;9684;8;0
MEDIUM;55;78;69;1253;9684;17;5
MEDIUM;31;70;70;1253;9684;16;17
MEDIUM;4;71;70;1253;9684;9;0
MEDIUM;63;71;71;1253;9684;11;21
MEDIUM;4;72;72;1253;9684;10;0
MEDIUM;6;76;72;1253;9684;7;0
MEDIUM;4;74;73;1253;9684;11;0
HARD;7;75;75;1253;9684;11;0
MEDIUM;30;77;75;1253;9684;9;0
MEDIUM;4;77;75;1253;9684;12;2
MEDIUM;7;76;76;1253;9684;12;10
HARD;7;77;77;1253;9684;13;0
MEDIUM;6;81;77;1253;9684;8;0
MEDIUM;30;78;78;1253;9684;10;0
MEDIUM;7;78;78;1253;9684;14;11
MEDIUM;4;78;78;1253;9684;13;4
HARD;7;79;79;1253;9684;15;10
MEDIUM;30;82;79;1253;9684;11;0
MEDIUM;55;88;79;1253;9684;18;5
MEDIUM;7;80;80;1253;9684;16;0
MEDIUM;6;86;82;1253;9684;9;0
MEDIUM;30;86;83;1253;9684;12;0
MEDIUM;16;84;84;1253;9684;10;5
MEDIUM;30;89;87;1253;9684;13;0
MEDIUM;6;89;87;1253;9684;10;5
MEDIUM;12;88;88;1253;9684;15;13
MEDIUM;55;98;89;1253;9684;19;4
MEDIUM;6;90;90;1253;9684;11;0
MEDIUM;30;91;90;1253;9684;14;0
MEDIUM;6;91;91;1253;9684;12;0
MEDIUM;6;92;92;1253;9684;13;8
MEDIUM;30;92;92;1253;9684;15;1
MEDIUM;6;94;93;1253;9684;14;19
MEDIUM;6;95;95;1253;9684;15;20
MEDIUM;55;108;99;1253;9684;20;5
HARD;55;123;109;1253;9684;21;0
MEDIUM;55;124;124;1253;9684;22;15
MEDIUM;55;125;125;1253;9684;23;15
MEDIUM;55;126;126;1253;9684;24;14
MEDIUM;55;127;127;1253;9684;25;16
HARD;7;2;1;1253;9685;1;11
MEDIUM;22;2;1;1253;9685;1;0
MEDIUM;14;3;1;1253;9685;1;7
MEDIUM;23;3;1;1253;9685;1;5
MEDIUM;81;3;1;1253;9685;1;0
MEDIUM;4;3;1;1253;9685;1;6
MEDIUM;12;4;1;1253;9685;1;1
MEDIUM;6;4;1;1253;9685;1;9
MEDIUM;31;4;1;1253;9685;1;0
MEDIUM;63;4;1;1253;9685;1;1
MEDIUM;10;5;1;1253;9685;1;11
MEDIUM;1;5;1;1253;9685;1;3
MEDIUM;27;6;1;1253;9685;1;6
MEDIUM;87;6;1;1253;9685;1;21
MEDIUM;5;7;1;1253;9685;1;5
MEDIUM;44;8;1;1253;9685;1;9
MEDIUM;16;8;1;1253;9685;1;5
;18;35;1;1253;9685;1;
MEDIUM;22;8;3;1253;9685;2;6
HARD;7;11;3;1253;9685;2;12
MEDIUM;14;5;4;1253;9685;2;5
MEDIUM;4;5;4;1253;9685;2;8
HARD;23;6;4;1253;9685;2;5
HARD;81;9;4;1253;9685;2;0
MEDIUM;31;5;5;1253;9685;2;3
MEDIUM;6;7;5;1253;9685;2;1
MEDIUM;12;8;5;1253;9685;2;4
MEDIUM;63;10;5;1253;9685;2;0
MEDIUM;4;7;6;1253;9685;3;10
MEDIUM;10;8;6;1253;9685;2;10
MEDIUM;1;9;6;1253;9685;2;0
MEDIUM;31;10;6;1253;9685;3;4
MEDIUM;14;12;6;1253;9685;3;5
MEDIUM;87;9;7;1253;9685;2;0
MEDIUM;27;10;7;1253;9685;2;0
HARD;23;11;7;1253;9685;3;0
MEDIUM;4;9;8;1253;9685;4;10
UNKNOWN;6;10;8;1253;9685;3;0
MEDIUM;5;11;8;1253;9685;2;4
HARD;22;9;9;1253;9685;3;0
MEDIUM;12;11;9;1253;9685;3;8
MEDIUM;16;11;9;1253;9685;2;0
MEDIUM;44;13;9;1253;9685;2;0
MEDIUM;10;14;9;1253;9685;3;0
MEDIUM;4;11;10;1253;9685;5;12
MEDIUM;1;12;10;1253;9685;3;0
MEDIUM;87;12;10;1253;9685;3;0
HARD;81;12;10;1253;9685;3;0
HARD;22;27;10;1253;9685;4;1
MEDIUM;6;13;11;1253;9685;4;5
MEDIUM;63;13;11;1253;9685;3;3
MEDIUM;31;16;11;1253;9685;4;0
MEDIUM;27;16;11;1253;9685;3;0
MEDIUM;4;13;12;1253;9685;6;14
MEDIUM;12;14;12;1253;9685;4;0
MEDIUM;16;14;12;1253;9685;3;3
HARD;7;14;12;1253;9685;3;0
MEDIUM;5;16;12;1253;9685;3;0
HARD;23;18;12;1253;9685;4;0
MEDIUM;1;15;13;1253;9685;4;3
HARD;81;15;13;1253;9685;4;3
MEDIUM;14;19;13;1253;9685;4;6
MEDIUM;87;19;13;1253;9685;4;6
MEDIUM;6;16;14;1253;9685;5;0
MEDIUM;63;16;14;1253;9685;4;0
MEDIUM;44;16;14;1253;9685;3;0
MEDIUM;4;18;14;1253;9685;7;5
MEDIUM;12;17;15;1253;9685;5;0
MEDIUM;16;19;15;1253;9685;4;0
MEDIUM;10;19;15;1253;9685;4;0
HARD;7;20;15;1253;9685;4;3
MEDIUM;81;16;16;1253;9685;5;5
MEDIUM;1;17;16;1253;9685;5;0
MEDIUM;44;18;17;1253;9685;4;3
MEDIUM;31;19;17;1253;9685;5;0
MEDIUM;5;22;17;1253;9685;4;5
MEDIUM;6;22;17;1253;9685;6;3
MEDIUM;63;22;17;1253;9685;5;0
MEDIUM;27;22;17;1253;9685;4;0
MEDIUM;81;34;17;1253;9685;6;0
MEDIUM;1;20;18;1253;9685;6;2
MEDIUM;12;20;18;1253;9685;6;0
MEDIUM;44;22;19;1253;9685;5;0
HARD;23;23;19;1253;9685;5;0
MEDIUM;4;27;19;1253;9685;8;0
MEDIUM;87;22;20;1253;9685;5;0
MEDIUM;31;22;20;1253;9685;6;0
MEDIUM;16;24;20;1253;9685;5;0
MEDIUM;10;25;20;1253;9685;5;0
MEDIUM;14;26;20;1253;9685;5;0
MEDIUM;12;23;21;1253;9685;7;0
MEDIUM;1;25;21;1253;9685;7;0
HARD;7;27;21;1253;9685;5;9
MEDIUM;5;23;23;1253;9685;5;0
MEDIUM;87;25;23;1253;9685;6;3
MEDIUM;63;25;23;1253;9685;6;0
MEDIUM;44;27;23;1253;9685;6;0
MEDIUM;6;28;23;1253;9685;7;0
MEDIUM;31;29;23;1253;9685;7;0
MEDIUM;27;35;23;1253;9685;5;0
MEDIUM;5;25;24;1253;9685;6;1
HARD;23;27;24;1253;9685;6;0
MEDIUM;12;37;24;1253;9685;8;3
MEDIUM;16;28;25;1253;9685;6;0
MEDIUM;87;26;26;1253;9685;7;13
MEDIUM;63;28;26;1253;9685;7;0
MEDIUM;5;31;26;1253;9685;7;3
MEDIUM;1;37;26;1253;9685;8;6
MEDIUM;10;39;26;1253;9685;6;0
MEDIUM;87;31;27;1253;9685;8;0
MEDIUM;14;32;27;1253;9685;6;0
HARD;22;28;28;1253;9685;5;0
MEDIUM;7;30;28;1253;9685;6;0
MEDIUM;44;30;28;1253;9685;7;0
MEDIUM;4;33;28;1253;9685;9;0
HARD;23;39;28;1253;9685;7;5
MEDIUM;63;29;29;1253;9685;8;0
MEDIUM;6;31;29;1253;9685;8;0
MEDIUM;16;33;29;1253;9685;7;0
HARD;22;46;29;1253;9685;6;0
MEDIUM;31;30;30;1253;9685;8;6
MEDIUM;63;48;30;1253;9685;9;4
MEDIUM;44;31;31;1253;9685;8;0
MEDIUM;7;33;31;1253;9685;7;3
MEDIUM;31;46;31;1253;9685;9;7
MEDIUM;6;34;32;1253;9685;9;3
MEDIUM;5;35;32;1253;9685;8;0
MEDIUM;44;43;32;1253;9685;9;1
HARD;87;47;32;1253;9685;9;0
MEDIUM;14;37;33;1253;9685;7;0
MEDIUM;7;39;34;1253;9685;8;0
HARD;4;43;34;1253;9685;10;0
MEDIUM;16;43;34;1253;9685;8;0
MEDIUM;6;37;35;1253;9685;10;12
HARD;81;55;35;1253;9685;7;0
MEDIUM;5;44;36;1253;9685;9;5
MEDIUM;27;48;36;1253;9685;6;0
HARD;14;38;38;1253;9685;8;0
MEDIUM;6;40;38;1253;9685;11;15
MEDIUM;12;45;38;1253;9685;9;3
MEDIUM;1;57;38;1253;9685;9;5
HARD;14;44;39;1253;9685;9;0
MEDIUM;7;45;40;1253;9685;9;0
HARD;23;45;40;1253;9685;8;7
MEDIUM;10;53;40;1253;9685;7;0
MEDIUM;6;43;41;1253;9685;12;18
MEDIUM;6;45;44;1253;9685;13;21
MEDIUM;44;48;44;1253;9685;10;4
MEDIUM;16;49;44;1253;9685;9;5
HARD;4;53;44;1253;9685;11;0
HARD;14;55;45;1253;9685;10;0
MEDIUM;6;46;46;1253;9685;14;6
MEDIUM;12;46;46;1253;9685;10;11
MEDIUM;7;51;46;1253;9685;10;6
HARD;23;62;46;1253;9685;9;5
UNKNOWN;22;47;47;1253;9685;7;0
MEDIUM;12;53;47;1253;9685;11;11
MEDIUM;6;61;47;1253;9685;15;7
HARD;31;65;47;1253;9685;10;0
HARD;87;65;48;1253;9685;10;0
HARD;22;65;48;1253;9685;8;1
HARD;27;63;49;1253;9685;7;0
HARD;63;71;49;1253;9685;10;0
MEDIUM;16;59;50;1253;9685;10;0
HARD;7;70;52;1253;9685;11;0
HARD;4;61;54;1253;9685;12;0
MEDIUM;10;67;54;1253;9685;8;0
MEDIUM;12;70;54;1253;9685;12;3
MEDIUM;14;58;56;1253;9685;11;0
HARD;81;67;56;1253;9685;8;6
HARD;1;63;58;1253;9685;10;0
HARD;14;69;59;1253;9685;12;0
MEDIUM;16;62;60;1253;9685;11;15
MEDIUM;6;62;62;1253;9685;16;6
MEDIUM;6;73;63;1253;9685;17;7
MEDIUM;16;75;63;1253;9685;12;0
MEDIUM;23;84;63;1253;9685;10;0
HARD;1;66;64;1253;9685;11;0
HARD;27;66;64;1253;9685;8;0
MEDIUM;22;71;66;1253;9685;9;5
HARD;31;88;66;1253;9685;11;0
MEDIUM;1;69;67;1253;9685;12;0
MEDIUM;81;69;68;1253;9685;9;0
MEDIUM;10;76;68;1253;9685;9;0
MEDIUM;81;70;70;1253;9685;10;8
MEDIUM;1;72;70;1253;9685;13;0
HARD;14;75;70;1253;9685;13;0
MEDIUM;81;74;71;1253;9685;11;0
MEDIUM;22;76;72;1253;9685;10;0
HARD;63;80;72;1253;9685;11;0
MEDIUM;1;75;73;1253;9685;14;0
MEDIUM;6;81;74;1253;9685;18;9
MEDIUM;81;77;75;1253;9685;12;0
MEDIUM;1;78;76;1253;9685;15;0
HARD;14;80;76;1253;9685;14;0
MEDIUM;10;77;77;1253;9685;10;0
MEDIUM;22;79;77;1253;9685;11;0
MEDIUM;10;78;78;1253;9685;11;5
MEDIUM;81;80;78;1253;9685;13;0
MEDIUM;1;81;79;1253;9685;16;0
MEDIUM;10;82;79;1253;9685;12;6
MEDIUM;22;82;80;1253;9685;12;0
MEDIUM;63;83;81;1253;9685;12;0
HARD;14;83;81;1253;9685;15;0
MEDIUM;81;84;81;1253;9685;14;0
MEDIUM;1;82;82;1253;9685;17;0
MEDIUM;22;83;83;1253;9685;13;3
MEDIUM;1;90;83;1253;9685;18;3
MEDIUM;22;84;84;1253;9685;14;0
MEDIUM;81;86;84;1253;9685;15;3
MEDIUM;63;88;84;1253;9685;13;3
MEDIUM;22;85;85;1253;9685;15;11
HARD;23;101;85;1253;9685;11;0
MEDIUM;22;88;86;1253;9685;16;3
UNKNOWN;31;88;89;1253;9685;12;0
UNKNOWN;31;88;89;1253;9685;13;0
UNKNOWN;31;88;89;1253;9685;14;0
MEDIUM;31;91;89;1253;9685;15;0
HARD;31;92;92;1253;9685;16;22
MEDIUM;31;93;93;1253;9685;17;7
MEDIUM;31;96;94;1253;9685;18;0
HARD;31;97;97;1253;9685;19;22
MEDIUM;31;98;98;1253;9685;20;22
MEDIUM;31;101;99;1253;9685;21;0
MEDIUM;23;104;102;1253;9685;12;7
MEDIUM;23;109;105;1253;9685;13;0
MEDIUM;23;112;110;1253;9685;14;0
MEDIUM;23;116;113;1253;9685;15;0
MEDIUM;23;119;117;1253;9685;16;0
MEDIUM;23;128;120;1253;9685;17;3
MEDIUM;23;139;129;1253;9685;18;4
MEDIUM;27;2;1;1254;9686;1;0
MEDIUM;23;4;1;1254;9686;1;0
MEDIUM;5;6;1;1254;9686;1;0
MEDIUM;81;6;1;1254;9686;1;0
MEDIUM;22;6;1;1254;9686;1;0
MEDIUM;63;7;1;1254;9686;1;0
MEDIUM;12;7;1;1254;9686;1;0
MEDIUM;44;8;1;1254;9686;1;0
MEDIUM;10;8;1;1254;9686;1;0
MEDIUM;18;8;1;1254;9686;1;0
MEDIUM;30;8;1;1254;9686;1;0
MEDIUM;31;8;1;1254;9686;1;0
MEDIUM;1;8;1;1254;9686;1;0
MEDIUM;14;8;1;1254;9686;1;0
MEDIUM;16;8;1;1254;9686;1;0
MEDIUM;4;8;1;1254;9686;1;0
MEDIUM;6;9;1;1254;9686;1;0
MEDIUM;55;10;1;1254;9686;1;0
MEDIUM;7;11;1;1254;9686;1;0
MEDIUM;87;11;1;1254;9686;1;0
MEDIUM;27;3;3;1254;9686;2;1
MEDIUM;27;4;4;1254;9686;3;2
MEDIUM;27;8;5;1254;9686;4;0
MEDIUM;23;11;5;1254;9686;2;3
MEDIUM;5;7;7;1254;9686;2;5
MEDIUM;81;7;7;1254;9686;2;5
MEDIUM;22;9;7;1254;9686;2;5
MEDIUM;12;10;8;1254;9686;2;6
MEDIUM;63;11;8;1254;9686;2;6
MEDIUM;81;12;8;1254;9686;3;0
MEDIUM;5;14;8;1254;9686;3;6
MEDIUM;10;10;9;1254;9686;2;0
MEDIUM;30;11;9;1254;9686;2;0
MEDIUM;16;11;9;1254;9686;2;7
MEDIUM;44;11;9;1254;9686;2;7
SOFT;1;11;9;1254;9686;2;0
MEDIUM;27;11;9;1254;9686;5;0
SOFT;31;11;9;1254;9686;2;0
MEDIUM;4;13;9;1254;9686;2;7
MEDIUM;18;14;9;1254;9686;2;7
MEDIUM;14;15;9;1254;9686;2;7
MEDIUM;6;12;10;1254;9686;2;8
MEDIUM;22;14;10;1254;9686;3;8
SOFT;10;13;11;1254;9686;3;0
SOFT;12;14;11;1254;9686;3;0
SOFT;55;16;11;1254;9686;2;0
MEDIUM;7;12;12;1254;9686;2;0
SOFT;44;12;12;1254;9686;3;0
SOFT;1;13;12;1254;9686;3;0
SOFT;87;13;12;1254;9686;2;0
SOFT;16;14;12;1254;9686;3;0
SOFT;23;14;12;1254;9686;3;0
SOFT;30;15;12;1254;9686;3;0
SOFT;63;17;12;1254;9686;3;0
SOFT;31;17;12;1254;9686;3;0
SOFT;27;19;12;1254;9686;6;0
MEDIUM;6;17;13;1254;9686;3;0
SOFT;44;17;13;1254;9686;4;0
SOFT;7;21;13;1254;9686;3;0
SOFT;81;21;13;1254;9686;4;0
SOFT;10;14;14;1254;9686;4;3
SOFT;4;22;14;1254;9686;3;0
MEDIUM;1;22;14;1254;9686;4;7
MEDIUM;22;15;15;1254;9686;4;13
SOFT;12;16;15;1254;9686;4;0
SOFT;23;19;15;1254;9686;4;3
SOFT;18;21;15;1254;9686;3;0
SOFT;16;22;15;1254;9686;4;3
SOFT;5;23;15;1254;9686;4;0
MEDIUM;10;24;15;1254;9686;5;9
MEDIUM;22;19;16;1254;9686;5;14
SOFT;30;23;16;1254;9686;4;4
SOFT;14;24;16;1254;9686;3;0
MEDIUM;12;26;17;1254;9686;5;9
MEDIUM;55;26;17;1254;9686;3;9
MEDIUM;6;21;18;1254;9686;4;16
MEDIUM;44;21;18;1254;9686;5;0
MEDIUM;63;27;18;1254;9686;4;10
SOFT;22;24;20;1254;9686;6;0
SOFT;6;26;22;1254;9686;5;0
;87;1;1;1254;9687;1;
MEDIUM;27;2;1;1254;9687;1;0
HARD;12;6;1;1254;9687;1;0
MEDIUM;18;6;1;1254;9687;1;0
MEDIUM;16;6;1;1254;9687;1;0
MEDIUM;44;6;1;1254;9687;1;0
MEDIUM;1;6;1;1254;9687;1;0
MEDIUM;55;6;1;1254;9687;1;0
MEDIUM;14;6;1;1254;9687;1;0
MEDIUM;22;7;1;1254;9687;1;0
MEDIUM;30;8;1;1254;9687;1;0
HARD;63;8;1;1254;9687;1;0
MEDIUM;81;9;1;1254;9687;1;0
MEDIUM;10;9;1;1254;9687;1;0
MEDIUM;4;9;1;1254;9687;1;0
MEDIUM;23;9;1;1254;9687;1;0
MEDIUM;5;10;1;1254;9687;1;0
MEDIUM;31;10;1;1254;9687;1;0
MEDIUM;6;10;1;1254;9687;1;0
MEDIUM;7;10;1;1254;9687;1;0
MEDIUM;27;6;3;1254;9687;2;1
HARD;12;9;7;1254;9687;2;5
MEDIUM;55;9;7;1254;9687;2;5
SOFT;18;10;7;1254;9687;2;0
MEDIUM;16;11;7;1254;9687;2;0
MEDIUM;44;11;7;1254;9687;2;5
SOFT;27;12;7;1254;9687;3;0
SOFT;14;13;7;1254;9687;2;0
SOFT;1;13;7;1254;9687;2;0
SOFT;22;10;8;1254;9687;2;0
SOFT;30;11;9;1254;9687;2;0
SOFT;63;11;9;1254;9687;2;0
SOFT;12;12;10;1254;9687;3;0
SOFT;55;12;10;1254;9687;3;0
SOFT;23;12;10;1254;9687;2;0
SOFT;10;16;10;1254;9687;2;0
SOFT;4;17;10;1254;9687;2;0
SOFT;81;17;10;1254;9687;2;0
SOFT;22;12;11;1254;9687;3;3
SOFT;31;13;11;1254;9687;2;0
SOFT;5;13;11;1254;9687;2;0
SOFT;18;14;11;1254;9687;3;4
SOFT;6;16;11;1254;9687;2;0
SOFT;7;16;11;1254;9687;2;0
SOFT;44;13;12;1254;9687;3;0
SOFT;16;14;12;1254;9687;3;0
SOFT;63;14;12;1254;9687;3;3
SOFT;30;17;12;1254;9687;3;0
SOFT;55;15;13;1254;9687;4;3
SOFT;12;16;13;1254;9687;4;3
SOFT;23;16;13;1254;9687;3;3
MEDIUM;27;25;13;1254;9687;4;0
MEDIUM;22;30;13;1254;9687;4;6
SOFT;5;16;14;1254;9687;3;0
SOFT;44;17;14;1254;9687;4;2
SOFT;31;19;14;1254;9687;3;0
MEDIUM;1;23;14;1254;9687;3;0
MEDIUM;14;28;14;1254;9687;3;5
SOFT;16;17;15;1254;9687;4;3
MEDIUM;18;29;15;1254;9687;4;5
HARD;63;31;15;1254;9687;4;7
MEDIUM;55;28;16;1254;9687;5;8
SOFT;6;17;17;1254;9687;3;6
SOFT;23;17;17;1254;9687;4;7
SOFT;5;18;17;1254;9687;4;6
SOFT;10;28;17;1254;9687;3;0
HARD;12;29;17;1254;9687;5;8
MEDIUM;7;31;17;1254;9687;3;0
MEDIUM;23;22;18;1254;9687;5;8
MEDIUM;6;28;18;1254;9687;4;0
MEDIUM;4;28;18;1254;9687;3;8
MEDIUM;81;28;18;1254;9687;3;8
MEDIUM;30;31;18;1254;9687;4;7
MEDIUM;44;32;18;1254;9687;5;0
MEDIUM;16;33;18;1254;9687;5;0
MEDIUM;5;30;19;1254;9687;5;0
MEDIUM;31;32;20;1254;9687;4;9
MEDIUM;23;29;23;1254;9687;6;0
SOFT;6;31;29;1254;9687;5;0
SOFT;4;31;29;1254;9687;4;8
MEDIUM;10;31;29;1254;9687;4;8
SOFT;55;31;29;1254;9687;6;6
SOFT;81;31;29;1254;9687;4;0
SOFT;12;32;30;1254;9687;6;7
HARD;6;2;1;1254;9688;1;0
HARD;44;2;1;1254;9688;1;0
HARD;81;2;1;1254;9688;1;0
HARD;18;2;1;1254;9688;1;0
HARD;16;2;1;1254;9688;1;0
HARD;14;2;1;1254;9688;1;0
HARD;4;2;1;1254;9688;1;0
HARD;22;2;1;1254;9688;1;0
SOFT;30;3;1;1254;9688;1;0
MEDIUM;87;3;1;1254;9688;1;0
SOFT;27;4;1;1254;9688;1;0
SOFT;5;4;1;1254;9688;1;0
SOFT;1;4;1;1254;9688;1;0
SOFT;7;4;1;1254;9688;1;0
SOFT;12;4;1;1254;9688;1;0
SOFT;63;4;1;1254;9688;1;0
HARD;10;6;1;1254;9688;1;0
HARD;23;6;1;1254;9688;1;0
HARD;55;6;1;1254;9688;1;0
SOFT;31;7;1;1254;9688;1;0
HARD;44;3;3;1254;9688;2;0
HARD;16;3;3;1254;9688;2;0
MEDIUM;18;3;3;1254;9688;2;0
MEDIUM;14;3;3;1254;9688;2;0
SOFT;4;5;3;1254;9688;2;0
SOFT;81;8;3;1254;9688;2;0
HARD;6;9;3;1254;9688;2;0
HARD;22;10;3;1254;9688;2;0
MEDIUM;44;4;4;1254;9688;3;0
SOFT;16;4;4;1254;9688;3;0
HARD;18;10;4;1254;9688;3;0
HARD;14;10;4;1254;9688;3;0
UNKNOWN;16;4;5;1254;9688;4;0
SOFT;63;6;5;1254;9688;2;3
SOFT;7;7;5;1254;9688;2;3
SOFT;1;7;5;1254;9688;2;0
SOFT;5;7;5;1254;9688;2;0
SOFT;12;7;5;1254;9688;2;3
SOFT;27;7;5;1254;9688;2;0
HARD;44;8;5;1254;9688;4;0
SOFT;16;10;5;1254;9688;5;1
SOFT;4;8;6;1254;9688;3;3
SOFT;63;9;7;1254;9688;3;5
HARD;23;10;7;1254;9688;2;5
HARD;55;12;7;1254;9688;2;5
HARD;10;13;7;1254;9688;2;5
SOFT;27;8;8;1254;9688;3;6
SOFT;7;9;8;1254;9688;3;6
SOFT;31;10;8;1254;9688;2;0
SOFT;1;10;8;1254;9688;3;6
SOFT;5;10;8;1254;9688;3;0
SOFT;12;11;8;1254;9688;3;6
SOFT;4;11;9;1254;9688;4;0
SOFT;27;11;9;1254;9688;4;0
MEDIUM;44;13;9;1254;9688;5;0
SOFT;81;14;9;1254;9688;3;0
SOFT;6;10;10;1254;9688;3;0
SOFT;63;12;10;1254;9688;4;0
SOFT;7;12;10;1254;9688;4;0
SOFT;31;11;11;1254;9688;3;0
SOFT;1;11;11;1254;9688;4;9
HARD;14;12;11;1254;9688;4;7
SOFT;16;13;11;1254;9688;6;6
SOFT;5;13;11;1254;9688;4;0
SOFT;6;13;11;1254;9688;4;0
SOFT;22;13;11;1254;9688;3;0
HARD;18;15;11;1254;9688;4;0
SOFT;23;16;11;1254;9688;3;0
SOFT;1;14;12;1254;9688;5;0
SOFT;12;15;12;1254;9688;4;0
SOFT;27;16;12;1254;9688;5;3
SOFT;4;18;12;1254;9688;5;0
SOFT;31;19;12;1254;9688;4;0
HARD;14;15;13;1254;9688;5;0
SOFT;7;15;13;1254;9688;5;3
SOFT;63;15;13;1254;9688;5;3
SOFT;55;18;13;1254;9688;3;0
SOFT;10;16;14;1254;9688;3;0
SOFT;16;16;14;1254;9688;7;0
SOFT;5;16;14;1254;9688;5;0
SOFT;44;17;14;1254;9688;6;5
SOFT;22;18;14;1254;9688;4;0
SOFT;6;19;14;1254;9688;5;0
SOFT;1;16;15;1254;9688;6;0
SOFT;81;17;15;1254;9688;4;6
SOFT;12;18;16;1254;9688;5;4
SOFT;63;18;16;1254;9688;6;6
SOFT;14;19;16;1254;9688;6;0
SOFT;7;19;16;1254;9688;6;6
SOFT;18;23;16;1254;9688;5;0
SOFT;10;19;17;1254;9688;4;3
SOFT;16;19;17;1254;9688;8;3
SOFT;23;19;17;1254;9688;4;6
SOFT;1;19;17;1254;9688;7;5
SOFT;5;19;17;1254;9688;6;6
SOFT;44;22;18;1254;9688;7;0
SOFT;55;21;19;1254;9688;4;6
SOFT;4;21;19;1254;9688;6;7
SOFT;12;21;19;1254;9688;6;7
HARD;23;22;20;1254;9688;5;0
SOFT;10;23;20;1254;9688;5;6
SOFT;14;23;20;1254;9688;7;4
SOFT;16;23;20;1254;9688;9;0
SOFT;55;24;22;1254;9688;5;11
SOFT;87;2;1;1254;9689;1;0
SOFT;5;3;1;1254;9689;1;0
SOFT;1;4;1;1254;9689;1;0
SOFT;31;4;1;1254;9689;1;0
SOFT;81;4;1;1254;9689;1;0
SOFT;4;4;1;1254;9689;1;0
SOFT;27;4;1;1254;9689;1;0
MEDIUM;12;4;1;1254;9689;1;0
MEDIUM;63;4;1;1254;9689;1;0
SOFT;14;4;1;1254;9689;1;0
SOFT;30;4;1;1254;9689;1;0
SOFT;22;4;1;1254;9689;1;0
SOFT;18;4;1;1254;9689;1;0
SOFT;16;4;1;1254;9689;1;0
SOFT;44;4;1;1254;9689;1;0
SOFT;6;4;1;1254;9689;1;0
SOFT;10;7;1;1254;9689;1;0
SOFT;23;7;1;1254;9689;1;0
SOFT;55;7;1;1254;9689;1;0
SOFT;7;7;1;1254;9689;1;0
SOFT;5;6;4;1254;9689;2;0
SOFT;30;6;5;1254;9689;2;0
SOFT;1;6;5;1254;9689;2;3
MEDIUM;63;7;5;1254;9689;2;3
SOFT;27;7;5;1254;9689;2;3
SOFT;31;7;5;1254;9689;2;0
SOFT;16;7;5;1254;9689;2;0
SOFT;14;7;5;1254;9689;2;0
SOFT;18;7;5;1254;9689;2;0
SOFT;4;7;5;1254;9689;2;3
SOFT;44;7;5;1254;9689;2;3
SOFT;81;7;5;1254;9689;2;3
SOFT;22;7;5;1254;9689;2;0
SOFT;6;7;5;1254;9689;2;0
SOFT;12;10;5;1254;9689;2;0
SOFT;30;8;7;1254;9689;3;0
SOFT;5;9;7;1254;9689;3;0
SOFT;1;9;7;1254;9689;3;0
UNKNOWN;4;7;8;1254;9689;3;0
SOFT;16;8;8;1254;9689;3;0
SOFT;81;8;8;1254;9689;3;0
SOFT;14;9;8;1254;9689;3;0
SOFT;55;10;8;1254;9689;2;0
SOFT;63;10;8;1254;9689;3;0
SOFT;10;10;8;1254;9689;2;0
SOFT;7;10;8;1254;9689;2;0
SOFT;31;10;8;1254;9689;3;0
SOFT;23;10;8;1254;9689;2;0
SOFT;18;10;8;1254;9689;3;0
SOFT;44;10;8;1254;9689;3;6
SOFT;27;10;8;1254;9689;3;0
SOFT;6;10;8;1254;9689;3;0
SOFT;22;10;8;1254;9689;3;0
SOFT;4;12;8;1254;9689;4;6
SOFT;16;11;9;1254;9689;4;7
SOFT;81;11;9;1254;9689;4;0
SOFT;14;11;10;1254;9689;4;2
SOFT;5;12;10;1254;9689;4;3
SOFT;1;12;10;1254;9689;4;3
SOFT;44;13;11;1254;9689;4;3
SOFT;63;13;11;1254;9689;4;3
SOFT;55;13;11;1254;9689;3;0
SOFT;23;13;11;1254;9689;3;0
SOFT;18;13;11;1254;9689;4;3
SOFT;10;13;11;1254;9689;3;0
SOFT;7;13;11;1254;9689;3;3
SOFT;22;13;11;1254;9689;4;0
SOFT;6;13;11;1254;9689;4;0
SOFT;81;13;12;1254;9689;5;3
SOFT;16;14;12;1254;9689;5;0
SOFT;14;14;12;1254;9689;5;0
SOFT;5;14;13;1254;9689;5;0
SOFT;4;15;13;1254;9689;5;3
SOFT;1;15;13;1254;9689;5;0
SOFT;18;16;14;1254;9689;5;0
SOFT;63;16;14;1254;9689;5;0
SOFT;7;16;14;1254;9689;4;0
SOFT;55;16;14;1254;9689;4;0
SOFT;23;16;14;1254;9689;4;0
SOFT;10;16;14;1254;9689;4;0
SOFT;81;16;14;1254;9689;6;0
SOFT;22;16;14;1254;9689;5;3
SOFT;44;18;14;1254;9689;5;0
SOFT;16;16;15;1254;9689;6;3
SOFT;4;18;16;1254;9689;6;0
SOFT;1;18;16;1254;9689;6;0
SOFT;16;19;17;1254;9689;7;0
SOFT;63;19;17;1254;9689;6;0
SOFT;55;19;17;1254;9689;5;0
SOFT;10;19;17;1254;9689;5;3
SOFT;23;19;17;1254;9689;5;3
SOFT;81;19;17;1254;9689;7;0
SOFT;22;19;17;1254;9689;6;0
SOFT;44;21;19;1254;9689;6;6
SOFT;4;21;19;1254;9689;7;0
SOFT;16;21;20;1254;9689;8;2
SOFT;63;22;20;1254;9689;7;0
SOFT;10;22;20;1254;9689;6;0
SOFT;55;22;20;1254;9689;6;0
SOFT;23;22;20;1254;9689;6;0
SOFT;44;24;22;1254;9689;7;0
INTERMEDIATE;30;0;1;1254;9693;1;0
INTERMEDIATE;30;0;1;1254;9693;2;0
INTERMEDIATE;6;1;1;1254;9693;1;0
INTERMEDIATE;55;1;1;1254;9693;1;0
INTERMEDIATE;7;1;1;1254;9693;1;0
INTERMEDIATE;5;2;1;1254;9693;1;0
INTERMEDIATE;87;2;1;1254;9693;1;0
INTERMEDIATE;12;2;1;1254;9693;1;0
INTERMEDIATE;4;2;1;1254;9693;1;0
INTERMEDIATE;44;2;1;1254;9693;1;0
INTERMEDIATE;10;2;1;1254;9693;1;0
INTERMEDIATE;1;2;1;1254;9693;1;0
INTERMEDIATE;22;2;1;1254;9693;1;0
INTERMEDIATE;63;2;1;1254;9693;1;0
INTERMEDIATE;23;2;1;1254;9693;1;0
INTERMEDIATE;31;2;1;1254;9693;1;0
INTERMEDIATE;16;2;1;1254;9693;1;0
INTERMEDIATE;14;2;1;1254;9693;1;0
INTERMEDIATE;27;2;1;1254;9693;1;0
INTERMEDIATE;81;2;1;1254;9693;1;0
INTERMEDIATE;18;2;1;1254;9693;1;0
INTERMEDIATE;30;2;1;1254;9693;3;0
INTERMEDIATE;5;2;3;1254;9693;2;0
INTERMEDIATE;87;2;3;1254;9693;2;0
INTERMEDIATE;4;3;3;1254;9693;2;0
INTERMEDIATE;81;3;3;1254;9693;2;0
INTERMEDIATE;1;3;3;1254;9693;2;2
INTERMEDIATE;63;3;3;1254;9693;2;2
INTERMEDIATE;16;3;3;1254;9693;2;2
INTERMEDIATE;22;3;3;1254;9693;2;2
INTERMEDIATE;23;3;3;1254;9693;2;0
INTERMEDIATE;44;3;3;1254;9693;2;2
INTERMEDIATE;10;3;3;1254;9693;2;0
INTERMEDIATE;14;3;3;1254;9693;2;2
INTERMEDIATE;18;3;3;1254;9693;2;2
INTERMEDIATE;27;3;3;1254;9693;2;0
INTERMEDIATE;12;3;3;1254;9693;2;2
INTERMEDIATE;31;3;3;1254;9693;2;2
INTERMEDIATE;30;3;3;1254;9693;4;2
INTERMEDIATE;5;3;3;1254;9693;3;0
INTERMEDIATE;87;3;3;1254;9693;3;0
INTERMEDIATE;4;3;4;1254;9693;3;0
INTERMEDIATE;1;3;4;1254;9693;3;0
INTERMEDIATE;81;3;4;1254;9693;3;0
INTERMEDIATE;63;3;4;1254;9693;3;3
INTERMEDIATE;22;3;4;1254;9693;3;0
INTERMEDIATE;16;3;4;1254;9693;3;3
INTERMEDIATE;23;3;4;1254;9693;3;1
INTERMEDIATE;44;3;4;1254;9693;3;3
INTERMEDIATE;10;3;4;1254;9693;3;3
INTERMEDIATE;14;3;4;1254;9693;3;3
INTERMEDIATE;18;3;4;1254;9693;3;3
INTERMEDIATE;12;3;4;1254;9693;3;0
INTERMEDIATE;27;3;4;1254;9693;3;3
INTERMEDIATE;5;3;4;1254;9693;4;0
INTERMEDIATE;31;3;4;1254;9693;3;3
INTERMEDIATE;87;3;4;1254;9693;4;0
INTERMEDIATE;30;3;4;1254;9693;5;3
;87;3;4;1254;9693;5;6
;22;30;4;1254;9693;4;7
;23;30;4;1254;9693;4;5
;44;30;4;1254;9693;4;7
;10;30;4;1254;9693;4;7
;14;30;4;1254;9693;4;7
;18;30;4;1254;9693;4;7
;27;30;4;1254;9693;4;7
;12;30;4;1254;9693;4;7
;30;30;4;1254;9693;6;2
;4;31;4;1254;9693;4;7
;16;31;4;1254;9693;4;7
;1;31;4;1254;9693;4;7
;81;31;4;1254;9693;4;7
;63;31;4;1254;9693;4;7
;31;36;4;1254;9693;4;3
MEDIUM;5;41;4;1254;9693;5;6
MEDIUM;87;41;4;1254;9693;6;3
MEDIUM;23;40;31;1254;9693;5;0
HARD;12;41;31;1254;9693;5;0
HARD;18;41;31;1254;9693;5;1
MEDIUM;27;41;31;1254;9693;5;0
HARD;10;43;31;1254;9693;5;0
MEDIUM;22;44;31;1254;9693;5;0
HARD;44;44;31;1254;9693;5;1
MEDIUM;30;44;31;1254;9693;7;0
HARD;4;41;32;1254;9693;5;1
HARD;81;41;32;1254;9693;5;1
HARD;63;41;32;1254;9693;5;0
MEDIUM;1;43;32;1254;9693;5;0
HARD;16;44;32;1254;9693;5;1
MEDIUM;31;43;37;1254;9693;5;0
INTERMEDIATE;23;53;41;1254;9693;6;0
INTERMEDIATE;5;43;42;1254;9693;6;0
INTERMEDIATE;4;54;42;1254;9693;6;0
INTERMEDIATE;63;54;42;1254;9693;6;0
INTERMEDIATE;18;54;42;1254;9693;6;0
INTERMEDIATE;27;54;42;1254;9693;6;0
INTERMEDIATE;12;54;42;1254;9693;6;0
INTERMEDIATE;81;54;42;1254;9693;6;0
INTERMEDIATE;87;54;42;1254;9693;7;0
INTERMEDIATE;1;54;44;1254;9693;6;0
INTERMEDIATE;10;54;44;1254;9693;6;0
INTERMEDIATE;31;54;44;1254;9693;6;0
INTERMEDIATE;44;54;45;1254;9693;6;0
INTERMEDIATE;22;54;45;1254;9693;6;0
INTERMEDIATE;16;54;45;1254;9693;6;0
MEDIUM;18;6;1;1255;9988;1;0
MEDIUM;14;6;1;1255;9988;1;0
MEDIUM;27;6;1;1255;9988;1;0
MEDIUM;5;7;1;1255;9988;1;0
MEDIUM;10;8;1;1255;9988;1;0
MEDIUM;4;8;1;1255;9988;1;0
MEDIUM;6;8;1;1255;9988;1;0
MEDIUM;81;9;1;1255;9988;1;0
MEDIUM;1;9;1;1255;9988;1;0
MEDIUM;12;10;1;1255;9988;1;0
MEDIUM;44;10;1;1255;9988;1;0
MEDIUM;16;10;1;1255;9988;1;0
MEDIUM;23;10;1;1255;9988;1;0
MEDIUM;87;10;1;1255;9988;1;0
MEDIUM;7;10;1;1255;9988;1;0
MEDIUM;55;11;1;1255;9988;1;0
MEDIUM;31;11;1;1255;9988;1;0
MEDIUM;63;11;1;1255;9988;1;0
MEDIUM;30;11;1;1255;9988;1;0
MEDIUM;22;13;1;1255;9988;1;0
MEDIUM;14;9;7;1255;9988;2;5
MEDIUM;18;9;7;1255;9988;2;5
MEDIUM;27;11;7;1255;9988;2;5
MEDIUM;5;19;8;1255;9988;2;6
MEDIUM;6;11;9;1255;9988;2;7
MEDIUM;10;18;9;1255;9988;2;0
MEDIUM;4;18;9;1255;9988;2;7
MEDIUM;18;16;10;1255;9988;3;8
MEDIUM;14;18;10;1255;9988;3;8
MEDIUM;81;19;10;1255;9988;2;8
MEDIUM;1;20;10;1255;9988;2;8
MEDIUM;16;16;11;1255;9988;2;9
MEDIUM;44;17;11;1255;9988;2;9
MEDIUM;23;18;11;1255;9988;2;0
MEDIUM;87;18;11;1255;9988;2;9
MEDIUM;7;18;11;1255;9988;2;9
MEDIUM;12;22;11;1255;9988;2;9
MEDIUM;55;12;12;1255;9988;2;10
MEDIUM;27;16;12;1255;9988;3;10
MEDIUM;6;18;12;1255;9988;3;10
MEDIUM;31;18;12;1255;9988;2;10
MEDIUM;30;18;12;1255;9988;2;10
MEDIUM;63;21;12;1255;9988;2;10
MEDIUM;55;20;13;1255;9988;3;11
MEDIUM;22;19;14;1255;9988;2;12
SOFT;18;20;17;1255;9988;4;0
SOFT;16;22;17;1255;9988;3;0
SOFT;27;22;17;1255;9988;4;0
SOFT;44;20;18;1255;9988;3;0
MEDIUM;23;19;19;1255;9988;3;17
SOFT;14;21;19;1255;9988;4;0
SOFT;10;21;19;1255;9988;3;0
SOFT;30;24;19;1255;9988;3;0
SOFT;87;24;19;1255;9988;3;0
SOFT;4;24;19;1255;9988;3;0
SOFT;31;24;19;1255;9988;3;0
SOFT;6;24;19;1255;9988;4;0
SOFT;23;22;20;1255;9988;4;0
SOFT;22;24;20;1255;9988;3;0
SOFT;5;25;20;1255;9988;3;0
SOFT;81;25;20;1255;9988;3;0
MEDIUM;55;20;21;1255;9988;4;19
SOFT;1;22;21;1255;9988;3;0
SOFT;44;23;21;1255;9988;4;0
SOFT;55;24;21;1255;9988;5;0
SOFT;63;24;22;1255;9988;3;0
MEDIUM;14;24;22;1255;9988;5;17
MEDIUM;10;24;22;1255;9988;4;17
SOFT;12;25;23;1255;9988;3;0
MEDIUM;1;25;23;1255;9988;4;0
MEDIUM;23;25;23;1255;9988;5;18
MEDIUM;63;27;25;1255;9988;4;20
MEDIUM;55;27;25;1255;9988;6;20
MEDIUM;12;28;26;1255;9988;4;21
MEDIUM;31;4;1;1255;9989;1;0
MEDIUM;16;4;1;1255;9989;1;0
MEDIUM;44;4;1;1255;9989;1;0
MEDIUM;27;4;1;1255;9989;1;0
MEDIUM;1;4;1;1255;9989;1;0
MEDIUM;22;4;1;1255;9989;1;0
MEDIUM;87;4;1;1255;9989;1;0
MEDIUM;55;4;1;1255;9989;1;0
MEDIUM;5;4;1;1255;9989;1;0
MEDIUM;6;4;1;1255;9989;1;0
MEDIUM;81;5;1;1255;9989;1;0
MEDIUM;12;5;1;1255;9989;1;0
MEDIUM;30;6;1;1255;9989;1;0
MEDIUM;14;6;1;1255;9989;1;0
MEDIUM;18;7;1;1255;9989;1;0
MEDIUM;10;7;1;1255;9989;1;0
MEDIUM;7;7;1;1255;9989;1;0
MEDIUM;4;7;1;1255;9989;1;0
MEDIUM;23;7;1;1255;9989;1;0
MEDIUM;63;9;1;1255;9989;1;0
MEDIUM;55;7;5;1255;9989;2;3
MEDIUM;6;7;5;1255;9989;2;0
MEDIUM;5;7;5;1255;9989;2;0
MEDIUM;22;7;5;1255;9989;2;3
MEDIUM;16;7;5;1255;9989;2;3
MEDIUM;1;7;5;1255;9989;2;3
MEDIUM;87;7;5;1255;9989;2;3
MEDIUM;44;7;5;1255;9989;2;3
MEDIUM;31;7;5;1255;9989;2;3
MEDIUM;27;7;5;1255;9989;2;3
MEDIUM;12;8;6;1255;9989;2;4
MEDIUM;81;9;6;1255;9989;2;0
MEDIUM;14;9;7;1255;9989;2;0
MEDIUM;6;9;8;1255;9989;3;0
MEDIUM;5;10;8;1255;9989;3;0
MEDIUM;1;10;8;1255;9989;3;0
MEDIUM;87;10;8;1255;9989;3;0
MEDIUM;4;11;8;1255;9989;2;0
MEDIUM;55;11;8;1255;9989;3;0
MEDIUM;22;11;8;1255;9989;3;0
MEDIUM;18;11;8;1255;9989;2;0
MEDIUM;23;12;8;1255;9989;2;0
MEDIUM;16;13;8;1255;9989;3;0
MEDIUM;44;14;8;1255;9989;3;0
MEDIUM;12;16;9;1255;9989;3;0
SOFT;81;14;10;1255;9989;3;0
MEDIUM;63;17;10;1255;9989;2;0
MEDIUM;5;13;11;1255;9989;4;3
SOFT;18;13;11;1255;9989;3;4
SOFT;1;13;11;1255;9989;4;0
SOFT;22;13;11;1255;9989;4;0
SOFT;4;14;11;1255;9989;3;0
SOFT;23;15;12;1255;9989;3;0
SOFT;44;16;14;1255;9989;4;0
SOFT;16;16;14;1255;9989;4;0
SOFT;12;18;16;1255;9989;4;0
SOFT;63;19;17;1255;9989;3;0
MEDIUM;55;11;1;1255;9993;1;4
MEDIUM;12;14;1;1255;9993;1;7
MEDIUM;22;14;1;1255;9993;1;3
MEDIUM;44;14;1;1255;9993;1;6
MEDIUM;1;14;1;1255;9993;1;3
MEDIUM;16;14;1;1255;9993;1;6
MEDIUM;18;14;1;1255;9993;1;3
MEDIUM;81;14;1;1255;9993;1;4
MEDIUM;4;14;1;1255;9993;1;3
MEDIUM;63;14;1;1255;9993;1;8
MEDIUM;30;15;1;1255;9993;1;5
MEDIUM;14;15;1;1255;9993;1;3
MEDIUM;10;15;1;1255;9993;1;6
MEDIUM;6;15;1;1255;9993;1;2
MEDIUM;7;15;1;1255;9993;1;6
MEDIUM;87;15;1;1255;9993;1;3
MEDIUM;31;15;1;1255;9993;1;6
MEDIUM;27;15;1;1255;9993;1;6
MEDIUM;5;15;1;1255;9993;1;6
MEDIUM;23;15;1;1255;9993;1;4
MEDIUM;55;15;12;1255;9993;2;0
SOFT;7;3;1;1255;9994;1;0
SOFT;30;3;1;1255;9994;1;6
SOFT;23;3;1;1255;9994;1;3
SOFT;22;3;1;1255;9994;1;5
SOFT;6;3;1;1255;9994;1;0
SOFT;87;4;1;1255;9994;1;0
SOFT;1;4;1;1255;9994;1;2
SOFT;10;4;1;1255;9994;1;3
SOFT;14;4;1;1255;9994;1;3
SOFT;81;4;1;1255;9994;1;5
SOFT;18;4;1;1255;9994;1;7
SOFT;31;4;1;1255;9994;1;0
SOFT;63;4;1;1255;9994;1;3
SOFT;16;4;1;1255;9994;1;0
SOFT;44;4;1;1255;9994;1;3
SOFT;12;4;1;1255;9994;1;3
SOFT;55;4;1;1255;9994;1;3
SOFT;4;4;1;1255;9994;1;4
SOFT;27;4;1;1255;9994;1;0
SOFT;5;4;1;1255;9994;1;0
SOFT;6;6;4;1255;9994;2;0
SOFT;22;6;4;1255;9994;2;3
SOFT;7;6;4;1255;9994;2;0
SOFT;23;6;4;1255;9994;2;0
SOFT;30;6;4;1255;9994;2;0
SOFT;18;7;5;1255;9994;2;0
SOFT;14;7;5;1255;9994;2;0
SOFT;5;7;5;1255;9994;2;0
SOFT;55;7;5;1255;9994;2;0
SOFT;10;7;5;1255;9994;2;0
SOFT;27;7;5;1255;9994;2;0
SOFT;31;7;5;1255;9994;2;0
SOFT;87;7;5;1255;9994;2;0
SOFT;1;7;5;1255;9994;2;0
SOFT;81;9;5;1255;9994;2;0
SOFT;44;10;5;1255;9994;2;0
SOFT;16;10;5;1255;9994;2;0
SOFT;63;10;5;1255;9994;2;0
SOFT;4;10;5;1255;9994;2;0
SOFT;12;10;5;1255;9994;2;0
SOFT;22;9;7;1255;9994;3;0
SOFT;6;9;7;1255;9994;3;0
SOFT;23;9;7;1255;9994;3;0
SOFT;30;9;7;1255;9994;3;0
SOFT;7;9;7;1255;9994;3;0
SOFT;87;9;8;1255;9994;3;0
SOFT;27;10;8;1255;9994;3;0
SOFT;18;10;8;1255;9994;3;0
SOFT;14;10;8;1255;9994;3;0
SOFT;5;10;8;1255;9994;3;0
SOFT;55;10;8;1255;9994;3;0
SOFT;10;10;8;1255;9994;3;0
SOFT;31;10;8;1255;9994;3;0
SOFT;1;10;8;1255;9994;3;0
SOFT;6;12;10;1255;9994;4;0
SOFT;22;12;10;1255;9994;4;0
SOFT;81;12;10;1255;9994;3;0
SOFT;23;12;10;1255;9994;4;0
SOFT;31;13;11;1255;9994;4;0
SOFT;63;13;11;1255;9994;3;3
SOFT;12;13;11;1255;9994;3;3
SOFT;55;13;11;1255;9994;4;0
SOFT;18;13;11;1255;9994;4;0
SOFT;14;13;11;1255;9994;4;0
SOFT;4;13;11;1255;9994;3;0
SOFT;44;13;11;1255;9994;3;6
SOFT;16;13;11;1255;9994;3;6
SOFT;27;13;11;1255;9994;4;0
SOFT;1;13;11;1255;9994;4;0
SOFT;81;15;13;1255;9994;4;3
SOFT;6;15;13;1255;9994;5;0
SOFT;22;15;13;1255;9994;5;0
SOFT;23;15;13;1255;9994;5;0
SOFT;63;16;14;1255;9994;4;0
SOFT;27;16;14;1255;9994;5;0
SOFT;44;16;14;1255;9994;4;0
SOFT;16;16;14;1255;9994;4;0
SOFT;31;16;14;1255;9994;5;0
SOFT;18;16;14;1255;9994;5;0
SOFT;14;16;14;1255;9994;5;0
SOFT;55;16;14;1255;9994;5;0
SOFT;4;16;14;1255;9994;4;0
SOFT;1;16;14;1255;9994;5;0
SOFT;12;17;14;1255;9994;4;0
SOFT;6;18;16;1255;9994;6;3
SOFT;22;18;16;1255;9994;6;3
SOFT;23;18;16;1255;9994;6;3
SOFT;81;18;16;1255;9994;5;0
SOFT;4;18;17;1255;9994;5;0
SOFT;44;19;17;1255;9994;5;0
SOFT;16;19;17;1255;9994;5;0
SOFT;63;20;17;1255;9994;5;0
SOFT;12;20;18;1255;9994;5;0
SOFT;22;20;19;1255;9994;7;0
SOFT;23;21;19;1255;9994;7;3
SOFT;6;21;19;1255;9994;7;0
SOFT;81;21;19;1255;9994;6;0
SOFT;44;22;20;1255;9994;6;0
SOFT;16;22;20;1255;9994;6;0
SOFT;12;23;21;1255;9994;6;0
SOFT;63;23;21;1255;9994;6;0
MEDIUM;5;1;1;1255;9998;1;0
MEDIUM;14;5;1;1255;9998;1;5
MEDIUM;10;10;1;1255;9998;1;0
MEDIUM;7;11;1;1255;9998;1;0
MEDIUM;22;11;1;1255;9998;1;0
MEDIUM;31;11;1;1255;9998;1;0
MEDIUM;12;12;1;1255;9998;1;0
MEDIUM;6;12;1;1255;9998;1;0
MEDIUM;44;13;1;1255;9998;1;0
MEDIUM;1;13;1;1255;9998;1;0
MEDIUM;81;14;1;1255;9998;1;0
MEDIUM;63;14;1;1255;9998;1;0
MEDIUM;16;15;1;1255;9998;1;0
MEDIUM;4;15;1;1255;9998;1;0
MEDIUM;55;17;1;1255;9998;1;0
HARD;30;18;1;1255;9998;1;0
MEDIUM;27;20;1;1255;9998;1;0
MEDIUM;23;20;1;1255;9998;1;0
HARD;87;26;1;1255;9998;1;0
HARD;18;36;1;1255;9998;1;0
HARD;5;26;2;1255;9998;2;0
HARD;10;57;11;1255;9998;2;0
HARD;22;35;12;1255;9998;2;0
HARD;31;57;12;1255;9998;2;0
HARD;7;57;12;1255;9998;2;0
HARD;6;33;13;1255;9998;2;0
HARD;12;57;13;1255;9998;2;0
HARD;44;37;14;1255;9998;2;0
HARD;1;57;14;1255;9998;2;0
HARD;81;57;15;1255;9998;2;0
HARD;63;57;15;1255;9998;2;0
HARD;4;57;16;1255;9998;2;0
HARD;16;57;16;1255;9998;2;0
HARD;55;57;18;1255;9998;2;0
MEDIUM;30;30;19;1255;9998;2;0
HARD;27;56;21;1255;9998;2;0
HARD;23;57;21;1255;9998;2;0
HARD;5;56;27;1255;9998;3;0
MEDIUM;87;57;27;1255;9998;2;0
HARD;30;57;31;1255;9998;3;0
HARD;6;57;34;1255;9998;3;0
HARD;22;46;36;1255;9998;3;0
MEDIUM;18;57;37;1255;9998;2;0
HARD;44;57;38;1255;9998;3;0
MEDIUM;22;56;47;1255;9998;4;6
MEDIUM;27;1;1;1256;9999;1;0
MEDIUM;87;2;1;1256;9999;1;0
MEDIUM;63;3;1;1256;9999;1;0
MEDIUM;23;6;1;1256;9999;1;0
SOFT;1;6;1;1256;9999;1;0
HARD;30;6;1;1256;9999;1;0
MEDIUM;4;8;1;1256;9999;1;0
HARD;18;8;1;1256;9999;1;0
MEDIUM;81;8;1;1256;9999;1;0
MEDIUM;55;8;1;1256;9999;1;0
HARD;5;8;1;1256;9999;1;0
HARD;14;8;1;1256;9999;1;0
HARD;6;9;1;1256;9999;1;0
MEDIUM;16;10;1;1256;9999;1;0
MEDIUM;31;10;1;1256;9999;1;0
MEDIUM;12;10;1;1256;9999;1;0
SOFT;22;10;1;1256;9999;1;0
MEDIUM;10;10;1;1256;9999;1;0
MEDIUM;44;10;1;1256;9999;1;0
MEDIUM;62;12;1;1256;9999;1;0
MEDIUM;27;9;2;1256;9999;2;0
MEDIUM;87;12;3;1256;9999;2;1
MEDIUM;63;10;4;1256;9999;2;0
SOFT;1;9;7;1256;9999;2;5
HARD;23;11;7;1256;9999;2;0
HARD;30;14;7;1256;9999;2;5
MEDIUM;55;9;9;1256;9999;2;7
MEDIUM;4;11;9;1256;9999;2;7
SOFT;81;11;9;1256;9999;2;0
SOFT;5;11;9;1256;9999;2;0
HARD;14;13;9;1256;9999;2;7
HARD;18;13;9;1256;9999;2;7
MEDIUM;55;12;10;1256;9999;3;8
SOFT;1;12;10;1256;9999;3;0
SOFT;27;12;10;1256;9999;3;0
HARD;6;14;10;1256;9999;2;0
SOFT;12;13;11;1256;9999;2;0
MEDIUM;31;13;11;1256;9999;2;9
SOFT;63;15;11;1256;9999;3;0
SOFT;4;15;11;1256;9999;3;0
SOFT;16;16;11;1256;9999;2;0
SOFT;44;16;11;1256;9999;2;0
SOFT;10;16;11;1256;9999;2;0
SOFT;22;17;11;1256;9999;2;0
SOFT;23;14;12;1256;9999;3;0
SOFT;81;14;12;1256;9999;3;3
SOFT;5;14;12;1256;9999;3;3
SOFT;62;14;12;1256;9999;2;0
SOFT;87;14;12;1256;9999;3;0
SOFT;27;14;13;1256;9999;4;3
SOFT;55;15;13;1256;9999;4;0
SOFT;1;24;13;1256;9999;4;3
SOFT;12;16;14;1256;9999;3;3
MEDIUM;31;16;14;1256;9999;3;12
SOFT;14;16;14;1256;9999;3;0
SOFT;18;16;14;1256;9999;3;0
SOFT;30;17;15;1256;9999;3;0
SOFT;6;17;15;1256;9999;3;0
SOFT;62;17;15;1256;9999;3;0
SOFT;87;18;15;1256;9999;4;3
SOFT;23;19;15;1256;9999;4;3
MEDIUM;27;22;15;1256;9999;5;8
MEDIUM;81;26;15;1256;9999;4;7
HARD;5;27;15;1256;9999;4;0
SOFT;55;18;16;1256;9999;5;3
MEDIUM;4;25;16;1256;9999;4;9
MEDIUM;63;30;16;1256;9999;4;0
SOFT;14;19;17;1256;9999;4;3
SOFT;18;19;17;1256;9999;4;3
SOFT;31;22;17;1256;9999;4;0
MEDIUM;10;24;17;1256;9999;3;9
SOFT;22;26;17;1256;9999;3;6
MEDIUM;44;26;17;1256;9999;3;9
MEDIUM;16;28;17;1256;9999;3;9
MEDIUM;12;29;17;1256;9999;4;9
SOFT;30;19;18;1256;9999;4;0
SOFT;6;20;18;1256;9999;4;3
MEDIUM;62;25;18;1256;9999;4;0
SOFT;55;21;19;1256;9999;6;6
HARD;30;20;20;1256;9999;5;13
SOFT;18;26;20;1256;9999;5;6
SOFT;14;26;20;1256;9999;5;6
MEDIUM;23;26;20;1256;9999;5;10
HARD;6;21;21;1256;9999;5;13
SOFT;30;29;21;1256;9999;6;0
SOFT;6;29;22;1256;9999;6;6
SOFT;55;29;22;1256;9999;7;9
HARD;55;2;1;1256;10000;1;0
MEDIUM;4;3;1;1256;10000;1;0
MEDIUM;1;4;1;1256;10000;1;0
MEDIUM;87;4;1;1256;10000;1;0
MEDIUM;14;4;1;1256;10000;1;0
HARD;63;4;1;1256;10000;1;0
MEDIUM;6;5;1;1256;10000;1;0
HARD;81;5;1;1256;10000;1;0
HARD;10;5;1;1256;10000;1;0
MEDIUM;18;5;1;1256;10000;1;0
HARD;7;5;1;1256;10000;1;0
HARD;12;5;1;1256;10000;1;0
MEDIUM;31;5;1;1256;10000;1;0
MEDIUM;22;5;1;1256;10000;1;0
HARD;27;5;1;1256;10000;1;0
MEDIUM;30;5;1;1256;10000;1;0
HARD;44;5;1;1256;10000;1;0
MEDIUM;5;6;1;1256;10000;1;0
HARD;23;6;1;1256;10000;1;0
HARD;16;6;1;1256;10000;1;0
SOFT;55;5;3;1256;10000;2;0
MEDIUM;4;5;4;1256;10000;2;0
SOFT;1;5;4;1256;10000;2;0
SOFT;87;5;5;1256;10000;2;0
SOFT;63;6;5;1256;10000;2;3
SOFT;14;6;5;1256;10000;2;0
HARD;81;7;5;1256;10000;2;0
HARD;12;7;5;1256;10000;2;3
SOFT;18;7;5;1256;10000;2;0
SOFT;1;7;5;1256;10000;3;1
SOFT;55;8;5;1256;10000;3;2
MEDIUM;6;6;6;1256;10000;2;0
SOFT;27;6;6;1256;10000;2;0
SOFT;4;6;6;1256;10000;3;0
SOFT;22;7;6;1256;10000;2;0
HARD;44;7;6;1256;10000;2;4
SOFT;10;7;6;1256;10000;2;0
SOFT;31;7;6;1256;10000;2;0
SOFT;23;7;6;1256;10000;2;0
SOFT;5;7;6;1256;10000;2;0
HARD;16;8;6;1256;10000;2;4
MEDIUM;30;8;6;1256;10000;2;3
SOFT;87;8;6;1256;10000;3;1
SOFT;63;9;7;1256;10000;3;0
SOFT;27;9;7;1256;10000;3;1
SOFT;4;9;7;1256;10000;4;1
SOFT;6;10;7;1256;10000;3;0
SOFT;18;10;7;1256;10000;3;2
MEDIUM;22;9;8;1256;10000;3;4
SOFT;23;9;8;1256;10000;3;0
SOFT;10;10;8;1256;10000;3;2
SOFT;44;10;8;1256;10000;3;0
SOFT;81;10;8;1256;10000;3;0
SOFT;12;10;8;1256;10000;3;0
SOFT;55;10;8;1256;10000;4;5
MEDIUM;1;10;8;1256;10000;4;0
MEDIUM;5;11;8;1256;10000;3;2
SOFT;30;11;8;1256;10000;3;0
SOFT;31;11;8;1256;10000;3;2
MEDIUM;87;11;8;1256;10000;4;3
SOFT;16;12;9;1256;10000;3;0
SOFT;23;12;9;1256;10000;4;3
SOFT;4;13;10;1256;10000;5;4
SOFT;18;13;10;1256;10000;4;5
MEDIUM;22;13;10;1256;10000;4;6
MEDIUM;6;13;10;1256;10000;4;4
HARD;27;13;10;1256;10000;4;4
HARD;63;14;10;1256;10000;4;5
SOFT;81;14;11;1256;10000;4;6
SOFT;10;14;11;1256;10000;4;5
MEDIUM;30;14;11;1256;10000;4;5
MEDIUM;31;14;11;1256;10000;4;4
HARD;12;14;11;1256;10000;4;0
MEDIUM;5;14;11;1256;10000;4;4
HARD;44;15;11;1256;10000;4;6
SOFT;16;15;12;1256;10000;4;3
MEDIUM;14;1;1;1256;10001;1;0
MEDIUM;81;2;1;1256;10001;1;0
HARD;87;2;1;1256;10001;1;0
HARD;4;2;1;1256;10001;1;0
MEDIUM;23;2;1;1256;10001;1;0
MEDIUM;63;2;1;1256;10001;1;0
MEDIUM;18;2;1;1256;10001;1;0
HARD;31;2;1;1256;10001;1;0
SOFT;44;2;1;1256;10001;1;0
MEDIUM;6;3;1;1256;10001;1;0
MEDIUM;27;3;1;1256;10001;1;0
MEDIUM;30;4;1;1256;10001;1;0
MEDIUM;5;4;1;1256;10001;1;0
HARD;55;4;1;1256;10001;1;0
HARD;22;4;1;1256;10001;1;0
MEDIUM;12;4;1;1256;10001;1;0
SOFT;16;4;1;1256;10001;1;0
SOFT;7;5;1;1256;10001;1;0
HARD;1;5;1;1256;10001;1;0
MEDIUM;10;6;1;1256;10001;1;0
HARD;14;3;2;1256;10001;2;0
HARD;18;3;3;1256;10001;2;0
SOFT;44;5;3;1256;10001;2;0
SOFT;63;5;3;1256;10001;2;0
MEDIUM;23;6;3;1256;10001;2;0
HARD;31;7;3;1256;10001;2;0
HARD;87;7;3;1256;10001;2;0
SOFT;4;12;3;1256;10001;2;0
SOFT;81;12;3;1256;10001;2;0
MEDIUM;27;7;4;1256;10001;2;0
MEDIUM;18;8;4;1256;10001;3;0
MEDIUM;14;9;4;1256;10001;3;0
MEDIUM;6;9;4;1256;10001;2;2
MEDIUM;5;6;5;1256;10001;2;0
MEDIUM;12;7;5;1256;10001;2;3
MEDIUM;30;7;5;1256;10001;2;3
HARD;22;7;5;1256;10001;2;3
SOFT;16;7;5;1256;10001;2;3
HARD;55;11;5;1256;10001;2;4
SOFT;63;8;6;1256;10001;3;3
SOFT;44;9;6;1256;10001;3;0
SOFT;7;11;6;1256;10001;2;4
HARD;1;16;6;1256;10001;2;4
MEDIUM;10;11;7;1256;10001;2;5
MEDIUM;5;12;7;1256;10001;3;5
MEDIUM;23;16;7;1256;10001;3;0
HARD;22;10;8;1256;10001;3;0
SOFT;16;10;8;1256;10001;3;0
MEDIUM;12;16;8;1256;10001;3;6
MEDIUM;27;16;8;1256;10001;3;6
HARD;31;16;8;1256;10001;3;0
HARD;87;17;8;1256;10001;3;5
MEDIUM;30;18;8;1256;10001;3;0
SOFT;63;11;9;1256;10001;4;6
SOFT;44;11;9;1256;10001;4;7
MEDIUM;18;16;9;1256;10001;4;5
HARD;6;14;10;1256;10001;3;0
MEDIUM;14;17;10;1256;10001;4;6
HARD;22;13;11;1256;10001;4;0
SOFT;16;14;11;1256;10001;4;0
SOFT;10;14;12;1256;10001;3;0
SOFT;44;14;12;1256;10001;5;0
SOFT;7;16;12;1256;10001;3;0
SOFT;63;16;12;1256;10001;5;0
HARD;55;19;12;1256;10001;3;11
SOFT;5;14;13;1256;10001;4;0
SOFT;81;15;13;1256;10001;3;0
SOFT;4;18;13;1256;10001;3;0
SOFT;22;16;14;1256;10001;5;0
SOFT;10;16;15;1256;10001;4;0
SOFT;6;17;15;1256;10001;4;0
SOFT;81;18;16;1256;10001;4;3
SOFT;18;17;17;1256;10001;5;0
SOFT;31;18;17;1256;10001;4;0
SOFT;87;18;17;1256;10001;4;0
SOFT;27;18;17;1256;10001;4;0
SOFT;1;19;17;1256;10001;3;0
SOFT;23;20;17;1256;10001;4;0
SOFT;12;21;17;1256;10001;4;0
SOFT;14;18;18;1256;10001;5;0
SOFT;30;20;18;1256;10001;4;0
SOFT;55;22;20;1256;10001;4;0
SOFT;1;22;20;1256;10001;4;3
SOFT;55;23;23;1256;10001;5;0
SOFT;23;4;1;1256;10002;1;0
SOFT;14;4;1;1256;10002;1;0
SOFT;30;4;1;1256;10002;1;0
SOFT;63;4;1;1256;10002;1;0
SOFT;6;4;1;1256;10002;1;0
SOFT;87;4;1;1256;10002;1;0
SOFT;5;4;1;1256;10002;1;0
SOFT;7;4;1;1256;10002;1;0
SOFT;22;4;1;1256;10002;1;0
SOFT;81;4;1;1256;10002;1;0
SOFT;1;4;1;1256;10002;1;0
MEDIUM;44;4;1;1256;10002;1;0
SOFT;18;4;1;1256;10002;1;0
SOFT;31;4;1;1256;10002;1;0
SOFT;12;4;1;1256;10002;1;0
SOFT;27;5;1;1256;10002;1;0
SOFT;16;5;1;1256;10002;1;0
SOFT;10;5;1;1256;10002;1;0
SOFT;4;7;1;1256;10002;1;0
SOFT;55;7;1;1256;10002;1;0
SOFT;18;6;5;1256;10002;2;0
SOFT;5;7;5;1256;10002;2;0
SOFT;7;7;5;1256;10002;2;0
SOFT;31;7;5;1256;10002;2;0
SOFT;87;7;5;1256;10002;2;0
SOFT;23;7;5;1256;10002;2;0
SOFT;1;7;5;1256;10002;2;3
SOFT;22;7;5;1256;10002;2;0
SOFT;30;7;5;1256;10002;2;0
SOFT;27;8;5;1256;10002;2;0
SOFT;16;8;5;1256;10002;2;3
SOFT;81;8;5;1256;10002;2;3
SOFT;63;8;5;1256;10002;2;0
SOFT;12;8;5;1256;10002;2;0
SOFT;14;8;5;1256;10002;2;0
SOFT;10;8;5;1256;10002;2;0
SOFT;6;8;5;1256;10002;2;0
SOFT;44;11;5;1256;10002;2;0
SOFT;55;10;8;1256;10002;2;0
SOFT;7;10;8;1256;10002;3;0
SOFT;31;10;8;1256;10002;3;0
SOFT;27;10;8;1256;10002;3;0
SOFT;5;10;8;1256;10002;3;0
SOFT;1;10;8;1256;10002;3;0
SOFT;10;10;8;1256;10002;3;0
SOFT;22;10;8;1256;10002;3;0
SOFT;16;10;8;1256;10002;3;6
SOFT;4;10;8;1256;10002;2;0
SOFT;30;10;8;1256;10002;3;0
SOFT;12;10;8;1256;10002;3;0
SOFT;87;11;8;1256;10002;3;0
SOFT;14;11;8;1256;10002;3;0
SOFT;6;11;8;1256;10002;3;0
SOFT;81;11;8;1256;10002;3;0
SOFT;63;11;8;1256;10002;3;0
SOFT;23;11;8;1256;10002;3;0
SOFT;23;12;11;1256;10002;4;0
SOFT;87;13;11;1256;10002;4;3
SOFT;44;13;11;1256;10002;3;6
SOFT;55;13;11;1256;10002;3;0
SOFT;16;13;11;1256;10002;4;0
SOFT;22;13;11;1256;10002;4;0
SOFT;63;13;11;1256;10002;4;3
SOFT;6;13;11;1256;10002;4;0
SOFT;30;13;11;1256;10002;4;0
SOFT;14;13;11;1256;10002;4;0
SOFT;10;13;11;1256;10002;4;0
SOFT;1;13;11;1256;10002;4;3
SOFT;81;13;11;1256;10002;4;3
SOFT;12;14;11;1256;10002;4;0
SOFT;4;14;11;1256;10002;3;0
SOFT;23;15;13;1256;10002;5;0
SOFT;63;15;13;1256;10002;5;0
SOFT;1;15;13;1256;10002;5;0
SOFT;44;16;14;1256;10002;4;0
SOFT;87;16;14;1256;10002;5;0
SOFT;55;16;14;1256;10002;4;0
SOFT;16;16;14;1256;10002;5;3
SOFT;12;16;14;1256;10002;5;3
SOFT;6;16;14;1256;10002;5;3
SOFT;81;16;14;1256;10002;5;0
SOFT;4;16;14;1256;10002;4;0
SOFT;23;18;16;1256;10002;6;3
SOFT;63;18;16;1256;10002;6;0
SOFT;1;18;16;1256;10002;6;0
SOFT;44;19;17;1256;10002;5;3
SOFT;87;19;17;1256;10002;6;3
SOFT;16;19;17;1256;10002;6;0
SOFT;12;19;17;1256;10002;6;0
SOFT;6;19;17;1256;10002;6;0
SOFT;81;19;17;1256;10002;6;0
SOFT;44;21;19;1256;10002;6;0
SOFT;23;21;19;1256;10002;7;0
SOFT;87;22;20;1256;10002;7;0
SOFT;16;22;20;1256;10002;7;0
SOFT;44;24;22;1256;10002;7;0
SOFT;18;9;1;1256;10006;1;0
SOFT;7;10;1;1256;10006;1;0
MEDIUM;63;15;1;1256;10006;1;0
MEDIUM;81;16;1;1256;10006;1;0
MEDIUM;27;17;1;1256;10006;1;0
MEDIUM;1;17;1;1256;10006;1;0
MEDIUM;16;17;1;1256;10006;1;0
MEDIUM;4;17;1;1256;10006;1;0
MEDIUM;87;18;1;1256;10006;1;0
MEDIUM;22;18;1;1256;10006;1;0
MEDIUM;10;19;1;1256;10006;1;0
MEDIUM;14;19;1;1256;10006;1;1
MEDIUM;23;19;1;1256;10006;1;0
MEDIUM;6;20;1;1256;10006;1;0
HARD;44;25;1;1256;10006;1;0
HARD;5;26;1;1256;10006;1;0
MEDIUM;12;26;1;1256;10006;1;0
HARD;31;27;1;1256;10006;1;1
MEDIUM;30;28;1;1256;10006;1;0
MEDIUM;55;28;1;1256;10006;1;0
;18;26;10;1256;10006;2;5
HARD;7;48;11;1256;10006;2;0
HARD;63;49;16;1256;10006;2;0
HARD;81;48;17;1256;10006;2;0
HARD;1;48;18;1256;10006;2;0
HARD;4;48;18;1256;10006;2;0
HARD;16;48;18;1256;10006;2;0
HARD;27;48;18;1256;10006;2;0
HARD;87;48;19;1256;10006;2;1
HARD;22;48;19;1256;10006;2;0
HARD;23;48;20;1256;10006;2;0
HARD;14;48;20;1256;10006;2;1
HARD;10;48;20;1256;10006;2;0
HARD;6;48;21;1256;10006;2;0
MEDIUM;44;48;26;1256;10006;2;0
MEDIUM;18;47;27;1256;10006;3;0
MEDIUM;5;47;27;1256;10006;2;0
HARD;12;48;27;1256;10006;2;0
MEDIUM;31;47;28;1256;10006;2;0
SOFT;30;48;29;1256;10006;2;0
SOFT;55;48;29;1256;10006;2;0
MEDIUM;46;3;1;1257;10007;1;0
HARD;6;4;1;1257;10007;1;0
HARD;12;4;1;1257;10007;1;0
HARD;30;4;1;1257;10007;1;0
MEDIUM;37;5;1;1257;10007;1;0
MEDIUM;4;6;1;1257;10007;1;0
HARD;7;6;1;1257;10007;1;0
MEDIUM;23;6;1;1257;10007;1;0
HARD;34;6;1;1257;10007;1;0
MEDIUM;81;6;1;1257;10007;1;0
MEDIUM;10;8;1;1257;10007;1;0
HARD;18;8;1;1257;10007;1;0
HARD;5;9;1;1257;10007;1;0
MEDIUM;22;9;1;1257;10007;1;0
MEDIUM;31;9;1;1257;10007;1;0
HARD;38;9;1;1257;10007;1;0
HARD;44;9;1;1257;10007;1;0
MEDIUM;50;9;1;1257;10007;1;0
HARD;72;10;1;1257;10007;1;0
HARD;27;11;1;1257;10007;1;0
MEDIUM;46;6;4;1257;10007;2;2
HARD;30;7;5;1257;10007;2;3
HARD;6;7;5;1257;10007;2;3
MEDIUM;37;11;6;1257;10007;2;4
MEDIUM;46;7;7;1257;10007;3;5
HARD;7;9;7;1257;10007;2;5
MEDIUM;81;9;7;1257;10007;2;5
MEDIUM;4;11;7;1257;10007;2;5
MEDIUM;23;12;7;1257;10007;2;5
HARD;34;14;7;1257;10007;2;5
MEDIUM;46;8;8;1257;10007;4;6
HARD;6;10;8;1257;10007;3;6
HARD;30;13;8;1257;10007;3;6
MEDIUM;46;10;9;1257;10007;5;7
MEDIUM;10;11;9;1257;10007;2;7
HARD;18;13;9;1257;10007;2;7
HARD;7;11;10;1257;10007;3;8
MEDIUM;22;11;10;1257;10007;2;0
SOFT;5;12;10;1257;10007;2;0
SOFT;50;12;10;1257;10007;2;0
SOFT;81;12;10;1257;10007;3;0
SOFT;31;12;10;1257;10007;2;0
HARD;38;13;10;1257;10007;2;8
HARD;44;17;10;1257;10007;2;8
MEDIUM;46;12;11;1257;10007;6;0
SOFT;6;13;11;1257;10007;4;0
MEDIUM;72;16;11;1257;10007;2;0
SOFT;27;14;12;1257;10007;2;0
MEDIUM;37;14;12;1257;10007;3;10
SOFT;7;14;12;1257;10007;4;0
SOFT;10;14;12;1257;10007;3;0
SOFT;22;16;12;1257;10007;3;0
SOFT;4;24;12;1257;10007;3;0
MEDIUM;23;13;13;1257;10007;3;11
MEDIUM;46;13;13;1257;10007;7;11
SOFT;31;14;13;1257;10007;3;3
SOFT;5;15;13;1257;10007;3;3
SOFT;50;15;13;1257;10007;3;0
MEDIUM;81;22;13;1257;10007;4;8
MEDIUM;46;14;14;1257;10007;8;12
SOFT;30;16;14;1257;10007;4;0
SOFT;23;16;14;1257;10007;4;0
SOFT;6;16;14;1257;10007;5;3
SOFT;18;19;14;1257;10007;3;0
SOFT;38;21;14;1257;10007;3;0
SOFT;27;16;15;1257;10007;3;0
SOFT;7;17;15;1257;10007;5;3
SOFT;10;17;15;1257;10007;4;3
MEDIUM;37;17;15;1257;10007;4;0
SOFT;34;17;15;1257;10007;3;0
MEDIUM;31;20;15;1257;10007;4;8
SOFT;46;21;15;1257;10007;9;0
MEDIUM;50;21;16;1257;10007;4;8
SOFT;5;24;16;1257;10007;4;6
HARD;6;17;17;1257;10007;6;9
SOFT;23;19;17;1257;10007;5;3
SOFT;30;19;17;1257;10007;5;0
MEDIUM;22;24;17;1257;10007;4;10
HARD;27;25;17;1257;10007;4;10
MEDIUM;72;27;17;1257;10007;3;6
SOFT;34;20;18;1257;10007;4;0
MEDIUM;37;21;18;1257;10007;5;3
HARD;6;23;18;1257;10007;7;10
SOFT;44;24;18;1257;10007;3;0
HARD;7;24;18;1257;10007;6;10
SOFT;10;24;18;1257;10007;5;6
SOFT;18;24;20;1257;10007;4;6
SOFT;30;24;20;1257;10007;6;0
MEDIUM;23;25;20;1257;10007;6;12
SOFT;81;26;23;1257;10007;5;0
MEDIUM;14;3;1;1257;10008;1;0
MEDIUM;6;4;1;1257;10008;1;0
SOFT;12;4;1;1257;10008;1;0
MEDIUM;22;4;1;1257;10008;1;0
MEDIUM;30;4;1;1257;10008;1;0
MEDIUM;44;4;1;1257;10008;1;0
SOFT;63;4;1;1257;10008;1;0
MEDIUM;7;6;1;1257;10008;1;0
HARD;10;6;1;1257;10008;1;0
MEDIUM;27;6;1;1257;10008;1;0
SOFT;1;7;1;1257;10008;1;0
MEDIUM;5;7;1;1257;10008;1;0
MEDIUM;16;7;1;1257;10008;1;0
MEDIUM;55;7;1;1257;10008;1;0
MEDIUM;87;7;1;1257;10008;1;0
HARD;4;8;1;1257;10008;1;0
MEDIUM;18;8;1;1257;10008;1;0
MEDIUM;23;9;1;1257;10008;1;0
HARD;81;9;1;1257;10008;1;0
MEDIUM;31;10;1;1257;10008;1;0
MEDIUM;14;7;4;1257;10008;2;2
MEDIUM;30;7;5;1257;10008;2;3
SOFT;63;7;5;1257;10008;2;3
MEDIUM;6;7;5;1257;10008;2;3
SOFT;12;8;5;1257;10008;2;0
MEDIUM;22;8;5;1257;10008;2;3
SOFT;44;9;5;1257;10008;2;0
MEDIUM;27;8;7;1257;10008;2;5
HARD;10;9;7;1257;10008;2;5
MEDIUM;7;9;7;1257;10008;2;5
MEDIUM;87;10;8;1257;10008;2;6
MEDIUM;55;10;8;1257;10008;2;6
MEDIUM;30;10;8;1257;10008;3;0
SOFT;16;10;8;1257;10008;2;0
SOFT;1;10;8;1257;10008;2;0
SOFT;5;10;8;1257;10008;2;0
SOFT;63;10;8;1257;10008;3;0
SOFT;6;10;8;1257;10008;3;0
SOFT;14;10;8;1257;10008;3;0
SOFT;4;11;9;1257;10008;2;0
SOFT;12;11;9;1257;10008;3;0
SOFT;27;11;9;1257;10008;3;0
SOFT;22;12;9;1257;10008;3;0
SOFT;18;14;9;1257;10008;2;0
SOFT;23;12;10;1257;10008;2;0
SOFT;81;12;10;1257;10008;2;0
SOFT;10;12;10;1257;10008;3;0
SOFT;7;12;10;1257;10008;3;0
SOFT;44;12;10;1257;10008;3;0
SOFT;5;11;11;1257;10008;3;0
SOFT;16;13;11;1257;10008;3;3
SOFT;30;13;11;1257;10008;4;0
SOFT;87;13;11;1257;10008;3;0
SOFT;55;15;11;1257;10008;3;0
SOFT;31;16;11;1257;10008;2;0
SOFT;14;20;11;1257;10008;4;3
MEDIUM;6;22;11;1257;10008;4;6
SOFT;63;23;11;1257;10008;4;3
SOFT;1;28;11;1257;10008;3;3
SOFT;27;14;12;1257;10008;4;3
MEDIUM;5;22;12;1257;10008;4;6
SOFT;12;25;12;1257;10008;4;3
SOFT;4;26;12;1257;10008;3;3
SOFT;10;15;13;1257;10008;4;3
SOFT;7;15;13;1257;10008;4;3
MEDIUM;23;18;13;1257;10008;3;8
SOFT;44;19;13;1257;10008;4;5
HARD;81;22;13;1257;10008;3;8
MEDIUM;22;26;13;1257;10008;4;7
SOFT;16;16;14;1257;10008;4;0
SOFT;87;28;14;1257;10008;4;3
SOFT;30;28;14;1257;10008;5;0
SOFT;27;25;15;1257;10008;5;6
SOFT;18;28;15;1257;10008;3;7
SOFT;10;17;16;1257;10008;5;6
SOFT;55;18;16;1257;10008;4;5
MEDIUM;7;28;16;1257;10008;5;8
MEDIUM;16;28;17;1257;10008;5;6
MEDIUM;31;28;17;1257;10008;3;9
HARD;10;28;18;1257;10008;6;8
MEDIUM;55;29;19;1257;10008;5;9
SOFT;23;30;19;1257;10008;4;3
SOFT;44;24;20;1257;10008;5;0
SOFT;6;25;23;1257;10008;5;0
SOFT;5;26;23;1257;10008;5;4
SOFT;81;30;23;1257;10008;4;3
SOFT;63;26;24;1257;10008;5;6
SOFT;12;28;26;1257;10008;5;7
HARD;4;29;27;1257;10008;4;7
SOFT;1;3;1;1257;10009;1;0
SOFT;44;3;1;1257;10009;1;3
SOFT;4;4;1;1257;10009;1;0
SOFT;5;4;1;1257;10009;1;0
MEDIUM;6;4;1;1257;10009;1;0
MEDIUM;7;4;1;1257;10009;1;0
MEDIUM;10;4;1;1257;10009;1;0
MEDIUM;12;4;1;1257;10009;1;0
SOFT;16;4;1;1257;10009;1;3
SOFT;18;4;1;1257;10009;1;0
HARD;22;4;1;1257;10009;1;0
HARD;23;4;1;1257;10009;1;0
SOFT;27;4;1;1257;10009;1;0
MEDIUM;30;4;1;1257;10009;1;0
HARD;31;4;1;1257;10009;1;0
HARD;55;4;1;1257;10009;1;0
SOFT;81;4;1;1257;10009;1;0
HARD;87;4;1;1257;10009;1;0
MEDIUM;63;6;1;1257;10009;1;0
SOFT;14;10;1;1257;10009;1;0
SOFT;44;6;4;1257;10009;2;5
SOFT;1;7;4;1257;10009;2;2
HARD;55;6;5;1257;10009;2;3
HARD;23;6;5;1257;10009;2;0
HARD;87;7;5;1257;10009;2;3
HARD;31;7;5;1257;10009;2;3
MEDIUM;7;7;5;1257;10009;2;3
MEDIUM;10;7;5;1257;10009;2;0
SOFT;16;7;5;1257;10009;2;6
HARD;22;7;5;1257;10009;2;3
SOFT;27;7;5;1257;10009;2;3
SOFT;5;7;5;1257;10009;2;3
MEDIUM;12;7;5;1257;10009;2;3
MEDIUM;6;7;5;1257;10009;2;3
MEDIUM;30;7;5;1257;10009;2;3
SOFT;81;8;5;1257;10009;2;3
SOFT;18;10;5;1257;10009;2;0
SOFT;4;11;5;1257;10009;2;3
MEDIUM;63;8;7;1257;10009;2;5
HARD;23;9;7;1257;10009;3;5
HARD;55;9;7;1257;10009;3;5
SOFT;44;13;7;1257;10009;3;0
HARD;22;8;8;1257;10009;3;6
SOFT;27;8;8;1257;10009;3;6
MEDIUM;6;8;8;1257;10009;3;0
MEDIUM;30;8;8;1257;10009;3;6
MEDIUM;7;10;8;1257;10009;3;6
MEDIUM;10;10;8;1257;10009;3;6
SOFT;5;10;8;1257;10009;3;0
SOFT;1;10;8;1257;10009;3;0
SOFT;12;10;8;1257;10009;3;0
HARD;31;12;8;1257;10009;3;6
HARD;87;13;8;1257;10009;3;6
SOFT;16;13;8;1257;10009;3;9
SOFT;22;11;9;1257;10009;4;0
SOFT;81;11;9;1257;10009;3;0
SOFT;6;11;9;1257;10009;4;0
SOFT;30;11;9;1257;10009;4;0
SOFT;63;11;9;1257;10009;3;0
SOFT;23;12;10;1257;10009;4;0
SOFT;55;12;10;1257;10009;4;0
SOFT;5;12;11;1257;10009;4;3
SOFT;18;12;11;1257;10009;3;0
SOFT;14;13;11;1257;10009;2;0
SOFT;10;13;11;1257;10009;4;0
SOFT;7;13;11;1257;10009;4;0
SOFT;12;13;11;1257;10009;4;3
SOFT;1;14;11;1257;10009;4;3
SOFT;6;12;12;1257;10009;5;3
SOFT;4;13;12;1257;10009;3;0
SOFT;81;14;12;1257;10009;4;3
SOFT;63;14;12;1257;10009;4;0
SOFT;30;15;12;1257;10009;5;0
HARD;22;16;12;1257;10009;5;7
SOFT;5;13;13;1257;10009;5;6
SOFT;31;15;13;1257;10009;4;0
SOFT;6;16;13;1257;10009;6;0
SOFT;55;16;13;1257;10009;5;3
SOFT;18;17;13;1257;10009;4;2
SOFT;23;17;13;1257;10009;5;3
SOFT;5;14;14;1257;10009;6;0
SOFT;87;16;14;1257;10009;4;0
SOFT;14;16;14;1257;10009;3;3
SOFT;4;16;14;1257;10009;4;0
SOFT;16;16;14;1257;10009;4;0
SOFT;44;16;14;1257;10009;4;0
SOFT;7;16;14;1257;10009;5;3
SOFT;10;19;14;1257;10009;5;3
SOFT;5;17;15;1257;10009;7;0
HARD;31;18;16;1257;10009;5;11
SOFT;44;19;17;1257;10009;5;3
HARD;87;19;17;1257;10009;5;12
SOFT;14;19;17;1257;10009;4;6
SOFT;7;19;17;1257;10009;6;6
SOFT;4;19;17;1257;10009;5;5
SOFT;16;20;17;1257;10009;5;3
SOFT;1;3;1;1257;10010;1;0
SOFT;81;4;1;1257;10010;1;0
SOFT;4;4;1;1257;10010;1;0
SOFT;16;4;1;1257;10010;1;0
SOFT;63;4;1;1257;10010;1;0
SOFT;12;4;1;1257;10010;1;0
SOFT;10;4;1;1257;10010;1;0
SOFT;6;4;1;1257;10010;1;0
SOFT;55;4;1;1257;10010;1;0
SOFT;44;4;1;1257;10010;1;0
SOFT;31;4;1;1257;10010;1;0
SOFT;7;4;1;1257;10010;1;0
SOFT;30;4;1;1257;10010;1;0
SOFT;14;4;1;1257;10010;1;0
SOFT;23;4;1;1257;10010;1;0
SOFT;87;4;1;1257;10010;1;0
SOFT;18;4;1;1257;10010;1;0
SOFT;5;4;1;1257;10010;1;0
SOFT;27;4;1;1257;10010;1;0
SOFT;22;4;1;1257;10010;1;0
SOFT;1;6;4;1257;10010;2;0
SOFT;16;5;5;1257;10010;2;3
SOFT;81;6;5;1257;10010;2;3
SOFT;4;6;5;1257;10010;2;0
SOFT;18;7;5;1257;10010;2;0
SOFT;14;7;5;1257;10010;2;0
SOFT;27;7;5;1257;10010;2;0
SOFT;12;7;5;1257;10010;2;0
SOFT;87;7;5;1257;10010;2;0
SOFT;5;7;5;1257;10010;2;0
SOFT;6;7;5;1257;10010;2;0
SOFT;55;7;5;1257;10010;2;0
SOFT;10;7;5;1257;10010;2;0
SOFT;7;7;5;1257;10010;2;0
SOFT;30;7;5;1257;10010;2;0
SOFT;44;7;5;1257;10010;2;0
SOFT;22;7;5;1257;10010;2;0
SOFT;63;7;5;1257;10010;2;0
SOFT;31;7;5;1257;10010;2;0
SOFT;23;7;5;1257;10010;2;0
SOFT;16;8;6;1257;10010;3;0
SOFT;1;7;7;1257;10010;3;3
SOFT;4;7;7;1257;10010;3;0
SOFT;81;7;7;1257;10010;3;0
SOFT;44;8;8;1257;10010;3;3
SOFT;55;8;8;1257;10010;3;0
SOFT;10;8;8;1257;10010;3;0
SOFT;7;8;8;1257;10010;3;0
SOFT;6;8;8;1257;10010;3;0
SOFT;22;9;8;1257;10010;3;0
SOFT;12;9;8;1257;10010;3;3
SOFT;31;9;8;1257;10010;3;0
SOFT;63;9;8;1257;10010;3;3
SOFT;1;9;8;1257;10010;4;4
SOFT;18;10;8;1257;10010;3;0
SOFT;14;10;8;1257;10010;3;0
SOFT;27;10;8;1257;10010;3;0
SOFT;4;10;8;1257;10010;4;0
SOFT;81;10;8;1257;10010;4;0
SOFT;6;10;9;1257;10010;4;0
SOFT;44;10;9;1257;10010;4;4
SOFT;55;11;9;1257;10010;4;1
SOFT;10;11;9;1257;10010;4;1
SOFT;7;11;9;1257;10010;4;1
SOFT;16;11;9;1257;10010;4;0
SOFT;12;12;10;1257;10010;4;0
SOFT;63;12;10;1257;10010;4;0
SOFT;22;12;10;1257;10010;4;0
SOFT;1;12;10;1257;10010;5;0
SOFT;14;11;11;1257;10010;4;3
SOFT;27;12;11;1257;10010;4;3
SOFT;44;13;11;1257;10010;5;0
SOFT;6;13;11;1257;10010;5;0
SOFT;4;13;11;1257;10010;5;3
SOFT;81;13;11;1257;10010;5;1
SOFT;14;13;12;1257;10010;5;3
SOFT;10;14;12;1257;10010;5;0
SOFT;55;14;12;1257;10010;5;0
SOFT;7;14;12;1257;10010;5;0
SOFT;16;14;12;1257;10010;5;3
SOFT;27;15;13;1257;10010;5;3
SOFT;12;15;13;1257;10010;5;0
SOFT;63;15;13;1257;10010;5;0
SOFT;22;15;13;1257;10010;5;0
SOFT;1;15;13;1257;10010;6;2
SOFT;14;16;14;1257;10010;6;3
SOFT;44;16;14;1257;10010;6;3
SOFT;4;16;14;1257;10010;6;1
SOFT;81;16;14;1257;10010;6;0
SOFT;55;17;15;1257;10010;6;3
SOFT;10;17;15;1257;10010;6;3
SOFT;16;17;15;1257;10010;6;0
SOFT;27;18;16;1257;10010;6;3
SOFT;12;18;16;1257;10010;6;0
SOFT;63;18;16;1257;10010;6;0
SOFT;22;18;16;1257;10010;6;0
SOFT;1;18;16;1257;10010;7;0
SOFT;44;19;17;1257;10010;7;0
SOFT;4;19;17;1257;10010;7;0
SOFT;10;20;18;1257;10010;7;0
SOFT;55;20;18;1257;10010;7;0
SOFT;12;21;19;1257;10010;7;0
SOFT;63;21;19;1257;10010;7;0
SOFT;27;5;1;1257;10014;1;0
SOFT;6;6;1;1257;10014;1;0
SOFT;31;8;1;1257;10014;1;0
SOFT;7;9;1;1257;10014;1;0
SOFT;10;10;1;1257;10014;1;3
SOFT;4;10;1;1257;10014;1;3
SOFT;1;10;1;1257;10014;1;3
SOFT;22;11;1;1257;10014;1;3
SOFT;12;12;1;1257;10014;1;3
SOFT;18;12;1;1257;10014;1;0
SOFT;63;13;1;1257;10014;1;3
MEDIUM;5;13;1;1257;10014;1;0
SOFT;81;14;1;1257;10014;1;3
SOFT;55;14;1;1257;10014;1;3
MEDIUM;14;14;1;1257;10014;1;0
MEDIUM;30;14;1;1257;10014;1;0
SOFT;87;14;1;1257;10014;1;0
MEDIUM;16;15;1;1257;10014;1;0
MEDIUM;44;15;1;1257;10014;1;0
SOFT;23;15;1;1257;10014;1;0
MEDIUM;27;23;6;1257;10014;2;0
MEDIUM;6;24;7;1257;10014;2;0
MEDIUM;31;23;9;1257;10014;2;0
MEDIUM;7;24;10;1257;10014;2;0
HARD;1;22;11;1257;10014;2;0
MEDIUM;10;24;11;1257;10014;2;0
MEDIUM;4;28;11;1257;10014;2;0
MEDIUM;22;28;12;1257;10014;2;0
MEDIUM;12;23;13;1257;10014;2;0
MEDIUM;18;28;13;1257;10014;2;0
MEDIUM;63;28;14;1257;10014;2;0
HARD;5;28;14;1257;10014;2;0
MEDIUM;81;28;15;1257;10014;2;0
MEDIUM;55;28;15;1257;10014;2;0
HARD;87;28;15;1257;10014;2;0
UNKNOWN;30;28;15;1257;10014;2;0
;14;28;15;1257;10014;2;3
;16;28;16;1257;10014;2;2
;44;28;16;1257;10014;2;2
;23;28;16;1257;10014;2;3
MEDIUM;1;52;23;1257;10014;3;0
SOFT;12;28;24;1257;10014;3;3
HARD;31;52;24;1257;10014;3;0
MEDIUM;27;52;24;1257;10014;3;0
HARD;10;52;25;1257;10014;3;0
HARD;7;52;25;1257;10014;3;0
HARD;6;52;25;1257;10014;3;0
HARD;55;40;29;1257;10014;3;0
SOFT;63;51;29;1257;10014;3;3
HARD;16;51;29;1257;10014;3;0
MEDIUM;4;51;29;1257;10014;3;0
HARD;44;51;29;1257;10014;3;0
MEDIUM;81;52;29;1257;10014;3;0
SOFT;22;52;29;1257;10014;3;0
SOFT;87;52;29;1257;10014;3;0
SOFT;12;52;29;1257;10014;4;3
MEDIUM;23;52;29;1257;10014;3;0
HARD;14;52;29;1257;10014;3;0
SOFT;30;52;29;1257;10014;3;0
HARD;18;52;29;1257;10014;3;0
MEDIUM;5;52;29;1257;10014;3;0
SOFT;55;41;40;1257;10014;4;3
MEDIUM;23;2;1;1258;10015;1;0
HARD;31;3;1;1258;10015;1;0
MEDIUM;6;6;1;1258;10015;1;0
MEDIUM;10;6;1;1258;10015;1;0
MEDIUM;27;6;1;1258;10015;1;0
MEDIUM;7;7;1;1258;10015;1;0
MEDIUM;12;7;1;1258;10015;1;0
HARD;87;7;1;1258;10015;1;0
MEDIUM;4;8;1;1258;10015;1;0
MEDIUM;22;8;1;1258;10015;1;0
MEDIUM;63;8;1;1258;10015;1;0
MEDIUM;81;8;1;1258;10015;1;0
MEDIUM;1;9;1;1258;10015;1;0
MEDIUM;5;9;1;1258;10015;1;0
MEDIUM;18;10;1;1258;10015;1;0
HARD;55;10;1;1258;10015;1;0
MEDIUM;14;11;1;1258;10015;1;0
MEDIUM;16;11;1;1258;10015;1;0
MEDIUM;44;11;1;1258;10015;1;0
MEDIUM;30;12;1;1258;10015;1;0
MEDIUM;23;10;3;1258;10015;2;1
HARD;31;10;4;1258;10015;2;2
MEDIUM;27;9;7;1258;10015;2;0
MEDIUM;6;9;7;1258;10015;2;5
MEDIUM;10;12;7;1258;10015;2;5
MEDIUM;12;10;8;1258;10015;2;6
MEDIUM;7;10;8;1258;10015;2;6
SOFT;87;10;8;1258;10015;2;0
MEDIUM;22;11;9;1258;10015;2;7
SOFT;4;11;9;1258;10015;2;0
SOFT;63;11;9;1258;10015;2;0
SOFT;81;16;9;1258;10015;2;0
SOFT;27;12;10;1258;10015;3;0
SOFT;5;12;10;1258;10015;2;0
SOFT;1;14;10;1258;10015;2;0
SOFT;6;16;10;1258;10015;3;0
SOFT;87;12;11;1258;10015;3;3
MEDIUM;7;13;11;1258;10015;3;9
SOFT;55;13;11;1258;10015;2;0
SOFT;12;13;11;1258;10015;3;0
SOFT;31;13;11;1258;10015;3;0
SOFT;23;16;11;1258;10015;3;0
SOFT;18;18;11;1258;10015;2;0
SOFT;63;13;12;1258;10015;3;0
SOFT;16;14;12;1258;10015;2;0
SOFT;44;14;12;1258;10015;2;0
SOFT;22;14;12;1258;10015;3;0
SOFT;14;14;12;1258;10015;2;0
SOFT;4;14;12;1258;10015;3;0
SOFT;27;15;13;1258;10015;4;0
SOFT;10;15;13;1258;10015;3;0
SOFT;5;15;13;1258;10015;3;0
SOFT;87;15;13;1258;10015;4;5
SOFT;30;20;13;1258;10015;2;0
SOFT;55;16;14;1258;10015;3;3
SOFT;7;16;14;1258;10015;4;0
SOFT;12;16;14;1258;10015;4;2
SOFT;31;17;14;1258;10015;4;3
MEDIUM;63;17;14;1258;10015;4;7
SOFT;16;17;15;1258;10015;3;0
SOFT;22;17;15;1258;10015;4;0
SOFT;14;17;15;1258;10015;3;0
MEDIUM;1;19;15;1258;10015;3;0
SOFT;44;20;15;1258;10015;3;3
MEDIUM;4;23;15;1258;10015;4;7
SOFT;10;17;16;1258;10015;4;3
SOFT;27;21;16;1258;10015;5;0
SOFT;87;22;16;1258;10015;5;8
MEDIUM;5;24;16;1258;10015;4;8
SOFT;55;19;17;1258;10015;4;0
SOFT;7;19;17;1258;10015;5;3
MEDIUM;81;23;17;1258;10015;3;0
MEDIUM;23;24;17;1258;10015;4;9
MEDIUM;12;25;17;1258;10015;5;9
MEDIUM;63;22;18;1258;10015;5;11
HARD;31;22;18;1258;10015;5;0
MEDIUM;14;25;18;1258;10015;4;10
MEDIUM;10;26;18;1258;10015;5;11
MEDIUM;22;27;18;1258;10015;5;10
MEDIUM;16;29;18;1258;10015;4;0
SOFT;18;24;19;1258;10015;3;8
MEDIUM;7;26;20;1258;10015;6;12
HARD;55;27;20;1258;10015;5;9
MEDIUM;1;27;20;1258;10015;4;13
MEDIUM;44;28;21;1258;10015;4;10
MEDIUM;27;26;22;1258;10015;6;0
SOFT;4;26;24;1258;10015;5;0
SOFT;81;26;24;1258;10015;4;0
;5;1;1;1258;10016;1;
MEDIUM;22;4;1;1258;10016;1;0
MEDIUM;6;5;1;1258;10016;1;0
MEDIUM;16;5;1;1258;10016;1;0
MEDIUM;18;5;1;1258;10016;1;0
MEDIUM;7;6;1;1258;10016;1;0
MEDIUM;30;6;1;1258;10016;1;0
MEDIUM;87;6;1;1258;10016;1;0
MEDIUM;1;8;1;1258;10016;1;0
MEDIUM;14;8;1;1258;10016;1;0
MEDIUM;27;8;1;1258;10016;1;0
MEDIUM;63;8;1;1258;10016;1;0
MEDIUM;4;9;1;1258;10016;1;0
MEDIUM;10;9;1;1258;10016;1;0
HARD;23;9;1;1258;10016;1;0
MEDIUM;31;9;1;1258;10016;1;0
MEDIUM;55;9;1;1258;10016;1;0
MEDIUM;81;9;1;1258;10016;1;0
MEDIUM;44;10;1;1258;10016;1;0
MEDIUM;12;11;1;1258;10016;1;0
MEDIUM;22;7;5;1258;10016;2;3
MEDIUM;6;8;6;1258;10016;2;4
SOFT;18;8;6;1258;10016;2;0
MEDIUM;16;9;6;1258;10016;2;4
MEDIUM;87;9;7;1258;10016;2;5
MEDIUM;7;9;7;1258;10016;2;5
SOFT;30;9;7;1258;10016;2;0
MEDIUM;22;10;8;1258;10016;3;6
SOFT;6;11;9;1258;10016;3;0
SOFT;1;11;9;1258;10016;2;0
SOFT;27;11;9;1258;10016;2;0
SOFT;14;12;9;1258;10016;2;0
SOFT;18;12;9;1258;10016;3;3
SOFT;63;16;9;1258;10016;2;0
SOFT;30;12;10;1258;10016;3;3
SOFT;31;12;10;1258;10016;2;0
SOFT;87;12;10;1258;10016;3;0
SOFT;81;12;10;1258;10016;2;0
SOFT;4;12;10;1258;10016;2;0
SOFT;55;13;10;1258;10016;2;0
SOFT;16;13;10;1258;10016;3;0
SOFT;10;13;10;1258;10016;2;0
SOFT;23;14;10;1258;10016;2;0
SOFT;7;14;10;1258;10016;3;0
SOFT;44;14;11;1258;10016;2;0
SOFT;22;14;11;1258;10016;4;0
SOFT;27;14;12;1258;10016;3;0
SOFT;6;14;12;1258;10016;4;0
SOFT;12;15;12;1258;10016;2;0
MEDIUM;1;21;12;1258;10016;3;7
SOFT;81;14;13;1258;10016;3;0
SOFT;31;15;13;1258;10016;3;3
SOFT;14;15;13;1258;10016;3;7
SOFT;4;15;13;1258;10016;3;3
SOFT;87;15;13;1258;10016;4;3
SOFT;18;15;13;1258;10016;4;7
SOFT;30;16;13;1258;10016;4;0
SOFT;10;15;14;1258;10016;3;4
SOFT;55;15;14;1258;10016;3;0
SOFT;16;16;14;1258;10016;4;4
SOFT;6;15;15;1258;10016;5;3
SOFT;23;16;15;1258;10016;3;0
SOFT;22;16;15;1258;10016;5;4
SOFT;44;17;15;1258;10016;3;4
MEDIUM;27;19;15;1258;10016;4;7
MEDIUM;7;19;15;1258;10016;4;8
MEDIUM;81;20;15;1258;10016;4;0
MEDIUM;14;16;16;1258;10016;4;7
SOFT;18;16;16;1258;10016;5;10
SOFT;12;17;16;1258;10016;3;4
MEDIUM;87;17;16;1258;10016;5;8
MEDIUM;6;18;16;1258;10016;6;7
SOFT;4;19;16;1258;10016;4;8
MEDIUM;10;20;16;1258;10016;4;8
SOFT;31;20;16;1258;10016;4;6
MEDIUM;55;22;16;1258;10016;4;0
MEDIUM;63;19;17;1258;10016;3;7
MEDIUM;14;19;17;1258;10016;5;0
SOFT;18;19;17;1258;10016;6;11
MEDIUM;22;20;17;1258;10016;6;0
MEDIUM;16;20;17;1258;10016;5;8
MEDIUM;30;20;17;1258;10016;5;0
HARD;23;21;17;1258;10016;4;8
MEDIUM;87;20;18;1258;10016;6;10
MEDIUM;44;21;18;1258;10016;4;0
SOFT;27;22;20;1258;10016;5;6
MEDIUM;7;22;20;1258;10016;5;0
MEDIUM;63;22;20;1258;10016;4;10
MEDIUM;4;22;20;1258;10016;5;0
MEDIUM;30;23;21;1258;10016;6;9
MEDIUM;10;23;21;1258;10016;5;13
SOFT;81;23;21;1258;10016;5;5
MEDIUM;31;23;21;1258;10016;5;8
MEDIUM;16;23;21;1258;10016;6;12
HARD;23;24;22;1258;10016;5;0
SOFT;1;24;22;1258;10016;4;3
MEDIUM;44;24;22;1258;10016;5;0
MEDIUM;55;25;23;1258;10016;5;15
HARD;6;2;1;1258;10017;1;0
HARD;14;2;1;1258;10017;1;0
HARD;18;2;1;1258;10017;1;0
HARD;30;2;1;1258;10017;1;0
SOFT;1;4;1;1258;10017;1;0
SOFT;7;4;1;1258;10017;1;0
SOFT;10;4;1;1258;10017;1;0
SOFT;12;4;1;1258;10017;1;0
SOFT;16;4;1;1258;10017;1;0
SOFT;23;4;1;1258;10017;1;0
SOFT;27;4;1;1258;10017;1;0
SOFT;31;4;1;1258;10017;1;0
SOFT;44;4;1;1258;10017;1;0
SOFT;55;4;1;1258;10017;1;0
SOFT;63;4;1;1258;10017;1;0
SOFT;81;4;1;1258;10017;1;0
SOFT;87;4;1;1258;10017;1;0
SOFT;22;7;1;1258;10017;1;0
SOFT;4;10;1;1258;10017;1;0
MEDIUM;5;10;1;1258;10017;1;0
HARD;14;3;3;1258;10017;2;0
HARD;18;3;3;1258;10017;2;0
SOFT;6;5;3;1258;10017;2;3
SOFT;30;5;3;1258;10017;2;4
MEDIUM;14;4;4;1258;10017;3;0
MEDIUM;18;4;4;1258;10017;3;0
SOFT;7;7;5;1258;10017;2;3
SOFT;31;7;5;1258;10017;2;0
SOFT;87;7;5;1258;10017;2;3
SOFT;44;7;5;1258;10017;2;3
SOFT;16;7;5;1258;10017;2;0
SOFT;14;7;5;1258;10017;4;0
SOFT;81;7;5;1258;10017;2;3
SOFT;18;7;5;1258;10017;4;0
SOFT;27;7;5;1258;10017;2;0
SOFT;10;7;5;1258;10017;2;3
SOFT;1;7;5;1258;10017;2;3
SOFT;63;7;5;1258;10017;2;3
SOFT;12;7;5;1258;10017;2;0
SOFT;55;7;5;1258;10017;2;3
SOFT;23;8;5;1258;10017;2;3
SOFT;6;7;6;1258;10017;3;6
SOFT;30;7;6;1258;10017;3;7
SOFT;7;8;8;1258;10017;3;6
SOFT;27;8;8;1258;10017;3;0
SOFT;30;8;8;1258;10017;4;0
SOFT;44;9;8;1258;10017;3;6
SOFT;81;10;8;1258;10017;3;6
SOFT;14;10;8;1258;10017;5;3
SOFT;18;10;8;1258;10017;5;3
SOFT;31;10;8;1258;10017;3;0
SOFT;6;10;8;1258;10017;4;8
SOFT;10;10;8;1258;10017;3;6
SOFT;63;10;8;1258;10017;3;0
SOFT;12;10;8;1258;10017;3;0
SOFT;22;10;8;1258;10017;2;0
SOFT;1;10;8;1258;10017;3;0
SOFT;87;10;8;1258;10017;3;0
SOFT;16;12;8;1258;10017;3;6
SOFT;55;12;8;1258;10017;3;0
SOFT;30;9;9;1258;10017;5;0
SOFT;7;11;9;1258;10017;4;7
SOFT;23;11;9;1258;10017;3;0
SOFT;27;11;9;1258;10017;4;0
SOFT;30;10;10;1258;10017;6;11
SOFT;44;11;10;1258;10017;4;0
SOFT;63;12;11;1258;10017;4;6
SOFT;31;13;11;1258;10017;4;3
SOFT;81;13;11;1258;10017;4;0
SOFT;4;13;11;1258;10017;2;0
SOFT;30;13;11;1258;10017;7;0
SOFT;12;13;11;1258;10017;4;3
SOFT;87;13;11;1258;10017;4;0
SOFT;10;13;11;1258;10017;4;0
SOFT;14;14;11;1258;10017;6;6
SOFT;18;14;11;1258;10017;6;0
SOFT;22;15;11;1258;10017;3;3
SOFT;1;15;11;1258;10017;4;0
MEDIUM;5;17;11;1258;10017;2;0
SOFT;6;18;11;1258;10017;5;11
SOFT;7;14;12;1258;10017;5;0
SOFT;44;14;12;1258;10017;5;0
SOFT;27;14;12;1258;10017;5;0
SOFT;23;14;12;1258;10017;4;3
SOFT;16;15;13;1258;10017;4;0
SOFT;63;15;13;1258;10017;5;0
SOFT;55;16;13;1258;10017;4;5
SOFT;4;16;14;1258;10017;3;3
SOFT;12;16;14;1258;10017;5;6
SOFT;87;16;14;1258;10017;5;6
SOFT;81;17;14;1258;10017;5;3
SOFT;10;17;14;1258;10017;5;3
SOFT;30;19;14;1258;10017;8;3
SOFT;31;21;14;1258;10017;5;6
SOFT;14;17;15;1258;10017;7;0
SOFT;18;17;15;1258;10017;7;0
SOFT;7;17;15;1258;10017;6;0
SOFT;23;17;15;1258;10017;5;0
SOFT;27;17;15;1258;10017;6;7
SOFT;44;21;15;1258;10017;6;0
SOFT;63;18;16;1258;10017;6;6
SOFT;16;22;16;1258;10017;5;3
SOFT;4;19;17;1258;10017;4;0
SOFT;12;19;17;1258;10017;6;9
SOFT;5;20;18;1258;10017;3;0
SOFT;18;20;18;1258;10017;8;3
SOFT;14;20;18;1258;10017;8;3
SOFT;81;20;18;1258;10017;6;7
SOFT;7;22;18;1258;10017;7;3
SOFT;5;25;21;1258;10017;4;0
SOFT;81;4;1;1258;10018;1;0
SOFT;63;4;1;1258;10018;1;0
SOFT;1;4;1;1258;10018;1;0
SOFT;16;4;1;1258;10018;1;0
SOFT;22;4;1;1258;10018;1;0
SOFT;12;4;1;1258;10018;1;0
SOFT;6;4;1;1258;10018;1;0
SOFT;44;4;1;1258;10018;1;0
SOFT;30;4;1;1258;10018;1;0
SOFT;14;4;1;1258;10018;1;0
SOFT;87;4;1;1258;10018;1;0
SOFT;27;4;1;1258;10018;1;0
SOFT;31;4;1;1258;10018;1;0
SOFT;5;4;1;1258;10018;1;0
SOFT;18;4;1;1258;10018;1;0
SOFT;23;6;1;1258;10018;1;0
SOFT;4;7;1;1258;10018;1;0
SOFT;55;7;1;1258;10018;1;0
SOFT;10;7;1;1258;10018;1;0
SOFT;7;7;1;1258;10018;1;0
UNKNOWN;5;4;5;1258;10018;2;0
SOFT;63;6;5;1258;10018;2;3
SOFT;31;7;5;1258;10018;2;3
SOFT;87;7;5;1258;10018;2;0
SOFT;5;7;5;1258;10018;3;0
SOFT;14;7;5;1258;10018;2;0
SOFT;27;7;5;1258;10018;2;3
SOFT;18;7;5;1258;10018;2;0
SOFT;44;7;5;1258;10018;2;0
SOFT;16;7;5;1258;10018;2;3
SOFT;81;7;5;1258;10018;2;3
SOFT;12;7;5;1258;10018;2;0
SOFT;1;7;5;1258;10018;2;3
SOFT;6;7;5;1258;10018;2;0
SOFT;30;7;5;1258;10018;2;0
SOFT;22;7;5;1258;10018;2;0
SOFT;23;9;7;1258;10018;2;0
SOFT;63;9;7;1258;10018;3;5
SOFT;14;9;8;1258;10018;3;0
SOFT;27;9;8;1258;10018;3;0
SOFT;5;9;8;1258;10018;4;0
SOFT;16;9;8;1258;10018;3;0
SOFT;30;9;8;1258;10018;3;3
SOFT;7;10;8;1258;10018;2;0
SOFT;55;10;8;1258;10018;2;0
SOFT;31;10;8;1258;10018;3;0
SOFT;87;10;8;1258;10018;3;0
SOFT;10;10;8;1258;10018;2;0
SOFT;18;10;8;1258;10018;3;0
SOFT;44;10;8;1258;10018;3;0
SOFT;6;10;8;1258;10018;3;3
SOFT;81;10;8;1258;10018;3;0
SOFT;12;10;8;1258;10018;3;0
SOFT;1;10;8;1258;10018;3;0
SOFT;22;10;8;1258;10018;3;3
SOFT;4;10;8;1258;10018;2;0
SOFT;23;12;10;1258;10018;3;0
SOFT;14;12;10;1258;10018;4;3
SOFT;16;12;10;1258;10018;4;2
SOFT;63;12;10;1258;10018;4;0
SOFT;30;12;10;1258;10018;4;0
SOFT;4;12;11;1258;10018;3;0
SOFT;87;13;11;1258;10018;4;3
SOFT;10;13;11;1258;10018;3;0
SOFT;55;13;11;1258;10018;3;3
SOFT;44;13;11;1258;10018;4;3
SOFT;12;13;11;1258;10018;4;0
SOFT;81;13;11;1258;10018;4;3
SOFT;6;13;11;1258;10018;4;0
SOFT;22;13;11;1258;10018;4;0
SOFT;1;13;11;1258;10018;4;3
SOFT;63;14;13;1258;10018;5;0
SOFT;23;15;13;1258;10018;4;0
SOFT;16;15;13;1258;10018;5;0
SOFT;14;15;13;1258;10018;5;2
SOFT;1;14;14;1258;10018;5;0
SOFT;22;14;14;1258;10018;5;3
SOFT;12;15;14;1258;10018;5;3
SOFT;55;16;14;1258;10018;4;0
SOFT;87;16;14;1258;10018;5;0
SOFT;44;16;14;1258;10018;5;0
SOFT;10;16;14;1258;10018;4;0
SOFT;81;16;14;1258;10018;5;0
SOFT;1;17;15;1258;10018;6;1
SOFT;63;17;15;1258;10018;6;0
SOFT;22;17;15;1258;10018;6;0
SOFT;16;17;16;1258;10018;6;3
SOFT;12;18;16;1258;10018;6;0
SOFT;55;18;17;1258;10018;5;3
SOFT;44;18;17;1258;10018;6;3
SOFT;10;18;17;1258;10018;5;3
SOFT;81;19;17;1258;10018;6;0
SOFT;16;20;18;1258;10018;7;0
SOFT;1;20;18;1258;10018;7;0
SOFT;10;20;19;1258;10018;6;0
SOFT;55;21;19;1258;10018;6;0
SOFT;44;21;19;1258;10018;7;0
SOFT;10;23;21;1258;10018;7;0
SOFT;55;24;22;1258;10018;7;0
MEDIUM;10;1;1;1258;10022;1;0
MEDIUM;7;1;1;1258;10022;1;0
MEDIUM;31;1;1;1258;10022;1;0
MEDIUM;5;1;1;1258;10022;1;0
MEDIUM;22;2;1;1258;10022;1;0
MEDIUM;87;18;1;1258;10022;1;0
MEDIUM;1;19;1;1258;10022;1;0
MEDIUM;81;19;1;1258;10022;1;0
MEDIUM;12;19;1;1258;10022;1;0
MEDIUM;14;19;1;1258;10022;1;1
MEDIUM;63;20;1;1258;10022;1;0
MEDIUM;55;20;1;1258;10022;1;0
MEDIUM;30;20;1;1258;10022;1;0
MEDIUM;23;21;1;1258;10022;1;0
MEDIUM;44;22;1;1258;10022;1;0
MEDIUM;16;27;1;1258;10022;1;0
HARD;27;30;1;1258;10022;1;0
HARD;4;32;1;1258;10022;1;0
HARD;6;32;1;1258;10022;1;0
HARD;18;36;1;1258;10022;1;1
HARD;7;31;2;1258;10022;2;0
HARD;31;39;2;1258;10022;2;0
HARD;5;39;2;1258;10022;2;0
HARD;87;39;19;1258;10022;2;0
HARD;14;39;20;1258;10022;2;1
HARD;12;40;20;1258;10022;2;0
HARD;1;40;20;1258;10022;2;0
HARD;81;41;20;1258;10022;2;0
HARD;30;39;21;1258;10022;2;2
HARD;63;40;21;1258;10022;2;1
HARD;55;40;21;1258;10022;2;0
HARD;23;39;22;1258;10022;2;0
HARD;44;40;23;1258;10022;2;0
HARD;16;40;28;1258;10022;2;0
MEDIUM;27;39;31;1258;10022;2;0
MEDIUM;7;40;32;1258;10022;3;1
MEDIUM;6;40;33;1258;10022;2;0
MEDIUM;4;41;33;1258;10022;2;0
MEDIUM;18;39;37;1258;10022;2;1